DQ=350.000 WQ=0 WV=1 					DQ=350.000 WQ=0.1 WV=0.9					DQ=350.000 WQ=0.2 WV=0.8						DQ=350.000 WQ=0.3 WV=0.7					DQ=350.000 WQ=0.4 WV=0.6					DQ=350.000 WQ=0.5 WV=0.5					DQ=350.000 WQ=0.6 WV=0.4					DQ=350.000 WQ=0.7 WV=0.3					DQ=350.000 WQ=0.8 WV=0.2					DQ=350.000 WQ=0.9 WV=0.1						DQ=350.000 WQ=1 WV=0				
:	Q	Qe	V	:=	:	Q	Qe	V	:=	:	Q	Qe	V	:=		:	Q	Qe	V	:=	:	Q	Qe	V	:=	:	Q	Qe	V	:=	:	Q	Qe	V	:=	:	Q	Qe	V	:=	:	Q	Qe	V	:=	:	Q	Qe	V	:=		:	Q	Qe	V	:=
1/1/10	5234960	0	85204600		1/1/10	5234960	0	85204600		1/1/10	5234960	0	85204600			1/1/10	5234960	0	85204600		1/1/10	5234960	0	85204600		1/1/10	5234960	0	85204600		1/1/10	5234960	0	85204600		1/1/10	5234960	0	85204600		1/1/10	5234960	0	85204600		1/1/10	5234960	0	85204600			1/1/10	5234960	0	85204600	
2/1/10	4884960	0	79654300		2/1/10	4884960	0	79654300		2/1/10	4884960	0	79654300			2/1/10	4884960	0	79654300		2/1/10	4884960	0	79654300		2/1/10	4884960	0	79654300		2/1/10	4884960	0	79654300		2/1/10	4884960	0	79654300		2/1/10	4884960	0	79654300		2/1/10	4884960	0	79654300			2/1/10	4889920	0	79649300	
3/1/10	4534960	0	74879400		3/1/10	4534960	0	74879400		3/1/10	4534960	0	74879400			3/1/10	4534960	0	74879400		3/1/10	4534960	0	74879400		3/1/10	4534960	0	74879400		3/1/10	4534960	0	74879400		3/1/10	4534960	0	74879400		3/1/10	4534960	0	74879400		3/1/10	4534960	0	74879400			3/1/10	4539920	0	74869500	
4/1/10	4184960	0	70679400		4/1/10	4184960	0	70679400		4/1/10	4184960	0	70679400			4/1/10	4184960	0	70679400		4/1/10	4184960	0	70679400		4/1/10	4184960	0	70679400		4/1/10	4184960	0	70679400		4/1/10	4184960	0	70679400		4/1/10	4184960	0	70679400		4/1/10	4184960	0	70679400			4/1/10	4189920	0	70664500	
5/1/10	3834960	0	69833900		5/1/10	3834960	0	69833900		5/1/10	3834960	0	69833900			5/1/10	3834960	0	69833900		5/1/10	3834960	0	69833900		5/1/10	3834960	0	69833900		5/1/10	3834960	0	69833900		5/1/10	3834960	0	69833900		5/1/10	3834960	0	69833900		5/1/10	3870020	0	69798900			5/1/10	3839920	0	69814100	
6/1/10	3484960	0	70625100		6/1/10	3484960	0	70625100		6/1/10	3484960	0	70625100			6/1/10	3484960	0	70625100		6/1/10	3484960	0	70625100		6/1/10	3484960	0	70625100		6/1/10	3484960	0	70625100		6/1/10	3484960	0	70625100		6/1/10	3484960	0	70625100		6/1/10	3520020	0	70555000			6/1/10	3489920	0	70600300	
7/1/10	3134960	0	71147900		7/1/10	3134960	0	71147900		7/1/10	3134960	0	71147900			7/1/10	3134960	0	71147900		7/1/10	3134960	0	71147900		7/1/10	3134960	0	71147900		7/1/10	3134960	0	71147900		7/1/10	3134960	0	71147900		7/1/10	3134960	0	71147900		7/1/10	3170020	0	71042800			7/1/10	3139920	0	71118200	
8/1/10	2784960	0	70299600		8/1/10	2784960	0	70299600		8/1/10	2784960	0	70299600			8/1/10	2784960	0	70299600		8/1/10	2784960	0	70299600		8/1/10	2784960	0	70299600		8/1/10	2784960	0	70299600		8/1/10	2784960	0	70299600		8/1/10	2784960	0	70299600		8/1/10	2820020	0	70159400			8/1/10	2789920	0	70264900	
9/1/10	2434960	0	70024200		9/1/10	2434960	0	70024200		9/1/10	2434960	0	70024200			9/1/10	2434960	0	70024200		9/1/10	2434960	0	70024200		9/1/10	2434960	0	70024200		9/1/10	2434960	0	70024200		9/1/10	2434960	0	70024200		9/1/10	2434960	0	70024200		9/1/10	2470020	0	69848900			9/1/10	2439920	0	69984500	
10/1/10	2084960	0	68021900		10/1/10	2084960	0	68021900		10/1/10	2084960	0	68021900			10/1/10	2084960	0	68021900		10/1/10	2084960	0	68021900		10/1/10	2084960	0	68021900		10/1/10	2084960	0	68021900		10/1/10	2084960	0	68021900		10/1/10	2084960	0	68021900		10/1/10	2120020	0	67811600			10/1/10	2089920	0	67977300	
11/1/10	1734960	0	65446400		11/1/10	1734960	0	65446400		11/1/10	1734960	0	65446400			11/1/10	1734960	0	65446400		11/1/10	1734960	0	65446400		11/1/10	1734960	0	65446400		11/1/10	1734960	0	65446400		11/1/10	1734960	0	65446400		11/1/10	1734960	0	65446400		11/1/10	1770020	0	65201000			11/1/10	1739920	0	65396800	
12/1/10	1665420	0	62385300		12/1/10	1665420	0	62385300		12/1/10	1665420	0	62385300			12/1/10	1665420	0	62385300		12/1/10	1665420	0	62385300		12/1/10	1665420	0	62385300		12/1/10	1665420	0	62385300		12/1/10	1665420	0	62385300		12/1/10	1665420	0	62385300		12/1/10	1420020	0	62385300			12/1/10	1615790	0	62385300	
1/1/11	1990750	0	58915000		1/1/11	1990750	0	58915000		1/1/11	1990750	0	58915000			1/1/11	1990750	0	58915000		1/1/11	1990750	0	58915000		1/1/11	1990750	0	58915000		1/1/11	2015420	0	58890300		1/1/11	2015420	0	58890300		1/1/11	2015420	0	58890300		1/1/11	1400000	0	59505700			1/1/11	1965790	0	58940000	
2/1/11	2340750	0	55722600		2/1/11	2340750	0	55722600		2/1/11	2340750	0	55722600			2/1/11	2340750	0	55722600		2/1/11	2340750	0	55722600		2/1/11	2340750	0	55722600		2/1/11	2343850	0	55694800		2/1/11	2365420	0	55673300		2/1/11	1665420	0	56373300		2/1/11	1050000	0	57604100			2/1/11	2315790	0	55772500	
3/1/11	2690750	0	52404500		3/1/11	2690750	0	52404500		3/1/11	2690750	0	52404500			3/1/11	2690750	0	52404500		3/1/11	2690750	0	52404500		3/1/11	2690750	0	52404500		3/1/11	1993850	0	53073600		3/1/11	2015420	0	53030500		3/1/11	2015420	0	53730500		3/1/11	7.00E+05	0	56276700			3/1/11	2665790	0	52479400	
4/1/11	3040750	0	48934000		4/1/11	3040750	0	48934000		4/1/11	3040750	0	48934000			4/1/11	3040750	0	48934000		4/1/11	3040750	0	48934000		4/1/11	3040750	0	48934000		4/1/11	1643850	0	5.10E+07		4/1/11	1665420	0	50935300		4/1/11	1665420	0	51635300		4/1/11	350000	0	55497000			4/1/11	3015790	0	49033800	
5/1/11	3390750	0	45675400		5/1/11	3390750	0	45675400		5/1/11	3390750	0	45675400			5/1/11	3390750	0	45675400		5/1/11	3390750	0	45675400		5/1/11	3390750	0	45675400		5/1/11	1413020	0	49719200		5/1/11	1315420	0	49752100		5/1/11	1315420	0	50452100		5/1/11	0	0	55629200			5/1/11	3365790	0	45800200	
6/1/11	3150660	0	5.10E+07		6/1/11	3150660	0	5.10E+07		6/1/11	3150660	0	5.10E+07			6/1/11	3150660	0	5.10E+07		6/1/11	3150660	0	5.10E+07		6/1/11	3150660	0	5.10E+07		6/1/11	1063020	0	57131400		6/1/11	1514730	0	56712600		6/1/11	965418	0	57961900		6/1/11	0	0	64104400			6/1/11	3275440	0	5.10E+07	
7/1/11	2800660	0	52781000		7/1/11	2800660	0	52781000		7/1/11	2800660	0	52781000			7/1/11	2800660	0	52781000		7/1/11	2800660	0	52781000		7/1/11	2800660	0	52781000		7/1/11	713019	0	6.10E+07		7/1/11	1864730	0	59429500		7/1/11	615418	0	61928100		7/1/11	0	0	68686000			7/1/11	2925440	0	52656200	
8/1/11	2450660	0	54031600		8/1/11	2450660	0	54031600		8/1/11	2450660	0	54031600			8/1/11	2450660	0	54031600		8/1/11	2450660	0	54031600		8/1/11	2450660	0	54031600		8/1/11	1063020	0	63638300		8/1/11	2214730	0	60916100		8/1/11	607089	0	65022300		8/1/11	0	0	72387300			8/1/11	2575440	0	53782100	
9/1/11	2100660	0	53291700		9/1/11	2100660	0	53291700		9/1/11	2100660	0	53291700			9/1/11	2100660	0	53291700		9/1/11	2100660	0	53291700		9/1/11	2100660	0	53291700		9/1/11	1395040	0	63604000		9/1/11	2564730	0	59712000		9/1/11	957089	0	65425900		9/1/11	0	0	73748000			9/1/11	2225440	0	52917300	
10/1/11	1750660	0	53031600		10/1/11	1750660	0	53031600		10/1/11	1750660	0	53031600			10/1/11	1750660	0	53031600		10/1/11	1750660	0	53031600		10/1/11	1750660	0	53031600		10/1/11	1745040	0	63349500		10/1/11	2914730	0	58287800		10/1/11	1307090	0	65609400		10/1/11	350000	0	74888600			10/1/11	1875440	0	52532400	
11/1/11	1400660	0	52323900		11/1/11	1400660	0	52323900		11/1/11	1400660	0	52323900			11/1/11	1400660	0	52323900		11/1/11	1400660	0	52323900		11/1/11	1400660	0	52323900		11/1/11	2095040	0	61947400		11/1/11	2948110	0	56032700		11/1/11	1657090	0	64645300		11/1/11	0	0	75581600			11/1/11	2225440	0	5.10E+07	
12/1/11	1436320	0	5.10E+07		12/1/11	1436320	0	5.10E+07		12/1/11	1436320	0	5.10E+07			12/1/11	1436320	0	5.10E+07		12/1/11	1436320	0	5.10E+07		12/1/11	1436320	0	5.10E+07		12/1/11	1904340	0	60155500		12/1/11	2598110	0	53547000		12/1/11	2007090	0	62750600		12/1/11	0	0	75694000			12/1/11	2575440	0	48537000	
1/1/12	1786320	0	48914800		1/1/12	1786320	0	48914800		1/1/12	1786320	0	48914800			1/1/12	1786320	0	48914800		1/1/12	1786320	0	48914800		1/1/12	1786320	0	48914800		1/1/12	1554340	0	58302200		1/1/12	2248110	0	5.10E+07		1/1/12	2357090	0	60094600		1/1/12	0	0	75395100			1/1/12	2859470	0	45378600	
2/1/12	2136320	0	46759500		2/1/12	2136320	0	46759500		2/1/12	2136320	0	46759500			2/1/12	2136320	0	46759500		2/1/12	2136320	0	46759500		2/1/12	2136320	0	46759500		2/1/12	1904340	0	56378900		2/1/12	1898110	0	49082900		2/1/12	2500240	0	57575400		2/1/12	142009	0	75234100			2/1/12	2509470	0	42850100	
3/1/12	2486320	0	44582500		3/1/12	2486320	0	44582500		3/1/12	2486320	0	44582500			3/1/12	2486320	0	44582500		3/1/12	2486320	0	44582500		3/1/12	2486320	0	44582500		3/1/12	2254340	0	54433900		3/1/12	1548110	0	47844200		3/1/12	2850240	0	55034500		3/1/12	492009	0	75051400			3/1/12	2159470	0	4.10E+07	
4/1/12	2136320	0	42733500		4/1/12	2136320	0	42733500		4/1/12	2136320	0	42733500			4/1/12	2136320	0	42733500		4/1/12	2136320	0	42733500		4/1/12	2136320	0	42733500		4/1/12	2604340	0	52117000		4/1/12	1898110	0	46233400		4/1/12	3200240	0	52121600		4/1/12	842009	0	74496800			4/1/12	1809470	0	39477900	
5/1/12	1786320	0	43375800		5/1/12	1786320	0	43375800		5/1/12	1786320	0	43375800			5/1/12	1786320	0	43375800		5/1/12	1786320	0	43375800		5/1/12	1786320	0	43375800		5/1/12	2954340	0	51591200		5/1/12	2248110	0	46413900		5/1/12	3550240	0	5.10E+07		5/1/12	1192010	0	75733400			5/1/12	1981840	0	39924600	
6/1/12	2136320	0	44092500		6/1/12	2136320	0	44092500		6/1/12	2136320	0	44092500			6/1/12	2136320	0	44092500		6/1/12	2136320	0	44092500		6/1/12	2136320	0	44092500		6/1/12	3304340	0	51139900		6/1/12	2598110	0	46668800		6/1/12	3900240	0	49952800		6/1/12	1542010	0	77044400			6/1/12	2331840	0	40445800	
7/1/12	2486320	0	44472800		7/1/12	2486320	0	44472800		7/1/12	2486320	0	44472800			7/1/12	2486320	0	44472800		7/1/12	2486320	0	44472800		7/1/12	2486320	0	44472800		7/1/12	3654340	0	50352100		7/1/12	2948110	0	46587300		7/1/12	4250240	0	48569100		7/1/12	1892010	0	78019000			7/1/12	2312400	0	4.10E+07	
8/1/12	2836320	0	44290600		8/1/12	2836320	0	44290600		8/1/12	2836320	0	44290600			8/1/12	2836320	0	44290600		8/1/12	2836320	0	44290600		8/1/12	2836320	0	44290600		8/1/12	4004340	0	49001900		8/1/12	3298110	0	45943300		8/1/12	4178300	0	47045000		8/1/12	2242010	0	78431100			8/1/12	1962400	0	41691700	
9/1/12	3186320	0	41603200		9/1/12	3186320	0	41603200		9/1/12	3186320	0	41603200			9/1/12	3186320	0	41603200		9/1/12	3186320	0	41603200		9/1/12	3186320	0	41603200		9/1/12	4354340	0	45146500		9/1/12	3648110	0	42794100		9/1/12	3828300	0	43715600		9/1/12	2592010	0	76338000			9/1/12	2312400	0	39878300	
10/1/12	3536320	0	37837100		10/1/12	3536320	0	37837100		10/1/12	3536320	0	37837100			10/1/12	3536320	0	37837100		10/1/12	3536320	0	37837100		10/1/12	3536320	0	37837100		10/1/12	4704340	0	40212400		10/1/12	3998110	0	38566300		10/1/12	3478300	0	40007500		10/1/12	2242010	0	73866200			10/1/12	2662400	0	36986100	
11/1/12	3886320	0	33994000		11/1/12	3886320	0	33994000		11/1/12	3886320	0	33994000			11/1/12	3886320	0	33994000		11/1/12	3886320	0	33994000		11/1/12	3886320	0	33994000		11/1/12	4528300	0	35727300		11/1/12	4348110	0	34261300		11/1/12	3128300	0	36922400		11/1/12	1892010	0	72017400			11/1/12	3012400	0	34016900	
12/1/12	4044620	0	29798100		12/1/12	4044620	0	29798100		12/1/12	4044620	0	29798100			12/1/12	4044620	0	29798100		12/1/12	4044620	0	29798100		12/1/12	4044620	0	29798100		12/1/12	4178300	0	31397700		12/1/12	4178300	0	29931700		12/1/12	2778300	0	33992800		12/1/12	2078300	0	69787800			12/1/12	3362400	0	30503200	
1/1/13	4394620	0	25167300		1/1/13	4394620	0	25167300		1/1/13	4394620	0	25167300			1/1/13	4394620	0	25167300		1/1/13	4394620	0	25167300		1/1/13	4394620	0	25167300		1/1/13	4528300	0	26633200		1/1/13	4528300	0	25167300		1/1/13	2778300	0	30978400		1/1/13	2428300	0	67123400			1/1/13	3712400	0	26554600	
2/1/13	4744620	0	20009100		2/1/13	4744620	0	20009100		2/1/13	4744620	0	20009100			2/1/13	4744620	0	20009100		2/1/13	4744620	0	20009100		2/1/13	4744620	0	20009100		2/1/13	4878300	0	21341400		2/1/13	4744620	0	20009100		2/1/13	2428300	0	28136500		2/1/13	2778300	0	63931500			2/1/13	4062400	0	22078700	
3/1/13	4394620	0	15276300		3/1/13	4394620	0	15276300		3/1/13	4394620	0	15276300			3/1/13	4394620	0	15276300		3/1/13	4394620	0	15276300		3/1/13	4394620	0	15276300		3/1/13	4528300	0	16474900		3/1/13	4394620	0	15276300		3/1/13	2778300	0	25020000		3/1/13	3128300	0	60465000			3/1/13	4412400	0	17328100	
4/1/13	4044620	0	10989700		4/1/13	4044620	0	10989700		4/1/13	4044620	0	10989700			4/1/13	4044620	0	10989700		4/1/13	4044620	0	10989700		4/1/13	4044620	0	10989700		4/1/13	4178300	0	12054600		4/1/13	4044620	0	10989700		4/1/13	3128300	0	21649700		4/1/13	3478300	0	56744700			4/1/13	4062400	0	13023600	
5/1/13	3694620	0	10011900		5/1/13	3694620	0	10011900		5/1/13	3694620	0	10011900			5/1/13	3694620	0	10011900		5/1/13	3694620	0	10011900		5/1/13	3694620	0	10011900		5/1/13	3960850	0	10810600		5/1/13	3694620	0	10011900		5/1/13	3478300	0	20888300		5/1/13	3828300	0	55633300			5/1/13	3712400	0	12028100	
6/1/13	3344620	0	1.10E+07		6/1/13	3344620	0	1.10E+07		6/1/13	3344620	0	1.10E+07			6/1/13	3344620	0	1.10E+07		6/1/13	3344620	0	1.10E+07		6/1/13	3344620	0	1.10E+07		6/1/13	3610850	0	11532500		6/1/13	3344620	0	1.10E+07		6/1/13	3828300	0	21392700		6/1/13	4178300	0	55787700			6/1/13	3362400	0	12998400	
7/1/13	2994620	0	11022900		7/1/13	2994620	0	11022900		7/1/13	2994620	0	11022900			7/1/13	2994620	0	11022900		7/1/13	2994620	0	11022900		7/1/13	2994620	0	11022900		7/1/13	3260850	0	11289100		7/1/13	2994620	0	11022900		7/1/13	4178300	0	20231900		7/1/13	3828300	0	54976800			7/1/13	3012400	0	13003500	
8/1/13	2644620	0	1.10E+07		8/1/13	2644620	0	1.10E+07		8/1/13	2644620	0	1.10E+07			8/1/13	2644620	0	1.10E+07		8/1/13	2644620	0	1.10E+07		8/1/13	2644620	0	1.10E+07		8/1/13	2910850	0	1.10E+07		8/1/13	2644620	0	1.10E+07		8/1/13	3828300	0	19025300		8/1/13	3478300	0	54120300			8/1/13	2662400	0	12962900	
9/1/13	2960750	0	10128800		9/1/13	2960750	0	10128800		9/1/13	2960750	0	10128800			9/1/13	2960750	0	10128800		9/1/13	2960750	0	10128800		9/1/13	2960750	0	10128800		9/1/13	2560850	0	10528700		9/1/13	2294620	0	10795000		9/1/13	3478300	0	17636600		9/1/13	3128300	0	53081600			9/1/13	2312400	0	12740100	
10/1/13	2610750	0	7740430		10/1/13	2610750	0	7740430		10/1/13	2610750	0	7740430			10/1/13	2610750	0	7740430		10/1/13	2610750	0	7740430		10/1/13	2610750	0	7740430		10/1/13	2210850	0	8540240		10/1/13	1944620	0	9072690		10/1/13	3128300	0	14730700		10/1/13	2778300	0	50525700			10/1/13	1962400	0	1.10E+07	
11/1/13	2260750	0	6012110		11/1/13	2260750	0	6012110		11/1/13	2260750	0	6012110			11/1/13	2260750	0	6012110		11/1/13	2260750	0	6012110		11/1/13	2260750	0	6012110		11/1/13	1860850	0	7211820		11/1/13	2257910	0	7347210		11/1/13	2778300	0	12484800		11/1/13	2428300	0	48629800			11/1/13	1996730	0	9535700	
12/1/13	1910750	0	4453030		12/1/13	1910750	0	4453030		12/1/13	1910750	0	4453030			12/1/13	1910750	0	4453030		12/1/13	1910750	0	4453030		12/1/13	1910750	0	4453030		12/1/13	1510850	0	6052640		12/1/13	2100000	0	5598890		12/1/13	2428300	0	10408200		12/1/13	2078300	0	46903200			12/1/13	1646730	0	8240640	
1/1/14	1560750	0	3109130		1/1/14	1560750	0	3109130		1/1/14	1560750	0	3109130			1/1/14	1560750	0	3109130		1/1/14	1560750	0	3109130		1/1/14	1560750	0	3109130		1/1/14	1493210	0	4776290		1/1/14	1750000	0	4065740		1/1/14	2078300	0	8546730		1/1/14	1728300	0	45391700			1/1/14	1296730	0	7160770	
2/1/14	1210750	0	2037120		2/1/14	1210750	0	2037120		2/1/14	1210750	0	2037120			2/1/14	1210750	0	2037120		2/1/14	1210750	0	2037120		2/1/14	1210750	0	2037120		2/1/14	1143210	0	3771820		2/1/14	1400000	0	2804490		2/1/14	1728300	0	6957170		2/1/14	2078300	0	43452200			2/1/14	946730	0	6352780	
3/1/14	861930	0	1420710		3/1/14	861930	0	1420710		3/1/14	861930	0	1420710			3/1/14	861930	0	1420710		3/1/14	861930	0	1420710		3/1/14	861930	0	1420710		3/1/14	793210	0	3224130		3/1/14	1050000	0	2.00E+06		3/1/14	1378300	0	5824380		3/1/14	2428300	0	41269400			3/1/14	1296730	0	5301570	
4/1/14	511930	0	2008150		4/1/14	511930	0	2008150		4/1/14	511930	0	2008150			4/1/14	511930	0	2008150		4/1/14	511930	0	2008150		4/1/14	511930	0	2008150		4/1/14	443210	0	3880290		4/1/14	7.00E+05	0	2399370		4/1/14	1028300	0	5895450		4/1/14	2778300	0	39590400			4/1/14	946730	0	5454210	
5/1/14	161930	0	3979180		5/1/14	161930	0	3979180		5/1/14	161930	0	3979180			5/1/14	161930	0	3979180		5/1/14	161930	0	3979180		5/1/14	161930	0	3979180		5/1/14	350000	0	5663250		5/1/14	350000	0	4182330		5/1/14	678300	0	7350120		5/1/14	3128300	0	38595100			5/1/14	1296730	0	6290440	
6/1/14	0	0	6121300		6/1/14	0	0	6121300		6/1/14	0	0	6121300			6/1/14	0	0	6121300		6/1/14	0	0	6121300		6/1/14	0	0	6121300		6/1/14	0	0	7805370		6/1/14	0	0	6324450		6/1/14	328300	0	9163930		6/1/14	3478300	0	37258900			6/1/14	1050000	0	7382560	
7/1/14	0	0	9315930		7/1/14	0	0	9315930		7/1/14	0	0	9315930			7/1/14	0	0	9315930		7/1/14	0	0	9315930		7/1/14	0	0	9315930		7/1/14	0	0	1.10E+07		7/1/14	0	0	9519080		7/1/14	0	0	12358600		7/1/14	3828300	0	36625300			7/1/14	7.00E+05	0	9877190	
8/1/14	73208.1	0	10715500		8/1/14	73208.1	0	10715500		8/1/14	73208.1	0	10715500			8/1/14	73208.1	0	10715500		8/1/14	73208.1	0	10715500		8/1/14	73208.1	0	10715500		8/1/14	0	0	12472800		8/1/14	174785	0	10817100		8/1/14	0	0	13831400		8/1/14	4178300	0	33919800			8/1/14	350000	0	1.10E+07	
9/1/14	423208	0	11550900		9/1/14	423208	0	11550900		9/1/14	423208	0	11550900			9/1/14	423208	0	11550900		9/1/14	423208	0	11550900		9/1/14	423208	0	11550900		9/1/14	10233.5	0	13721100		9/1/14	524785	0	11550900		9/1/14	133740	0	14956200		9/1/14	4178300	0	3.10E+07			9/1/14	0	0	12258500	
10/1/14	773208	0	1.10E+07		10/1/14	773208	0	1.10E+07		10/1/14	773208	0	1.10E+07			10/1/14	773208	0	1.10E+07		10/1/14	773208	0	1.10E+07		10/1/14	773208	0	1.10E+07		10/1/14	360233	0	13583200		10/1/14	773208	0	1.10E+07		10/1/14	483740	0	14694800		10/1/14	3828300	0	27394000			10/1/14	179787	0	12301100	
11/1/14	423208	0	10634100		11/1/14	423208	0	10634100		11/1/14	423208	0	10634100			11/1/14	423208	0	10634100		11/1/14	423208	0	10634100		11/1/14	423208	0	10634100		11/1/14	710233	0	12930300		11/1/14	423208	0	10634100		11/1/14	833740	0	13918300		11/1/14	4178300	0	23273000			11/1/14	529787	0	11828600	
12/1/14	773208	0	9806720		12/1/14	773208	0	9806720		12/1/14	773208	0	9806720			12/1/14	773208	0	9806720		12/1/14	773208	0	9806720		12/1/14	773208	0	9806720		12/1/14	1060230	0	11815900		12/1/14	773208	0	9806720		12/1/14	1183740	0	12680400		12/1/14	4178300	0	19040600			12/1/14	879787	0	10894700	
1/1/15	1123210	0	8570990		1/1/15	1123210	0	8570990		1/1/15	1123210	0	8570990			1/1/15	1123210	0	8570990		1/1/15	1123210	0	8570990		1/1/15	1123210	0	8570990		1/1/15	1410230	0	10293100		1/1/15	1123210	0	8570990		1/1/15	1533740	0	11034200		1/1/15	4470910	0	14457200			1/1/15	1229790	0	9552350	
2/1/15	1473210	0	6942190		2/1/15	1473210	0	6942190		2/1/15	1473210	0	6942190			2/1/15	1473210	0	6942190		2/1/15	1473210	0	6942190		2/1/15	1473210	0	6942190		2/1/15	1760230	0	8377320		2/1/15	1473210	0	6942190		2/1/15	1883740	0	8994850		2/1/15	4120910	0	10180700			2/1/15	1579790	0	7816970	
3/1/15	1823210	0	6252440		3/1/15	1823210	0	6252440		3/1/15	1823210	0	6252440			3/1/15	1823210	0	6252440		3/1/15	1823210	0	6252440		3/1/15	1823210	0	6252440		3/1/15	2110230	0	7400540		3/1/15	1823210	0	6252440		3/1/15	2233740	0	7894560		3/1/15	3770910	0	7543210			3/1/15	1929790	0	7020640	
4/1/15	2173210	0	4717330		4/1/15	2173210	0	4717330		4/1/15	2173210	0	4717330			4/1/15	2173210	0	4717330		4/1/15	2173210	0	4717330		4/1/15	2173210	0	4717330		4/1/15	2460230	0	5578410		4/1/15	2173210	0	4717330		4/1/15	2583740	0	5948930		4/1/15	3420910	0	4760410			4/1/15	2279790	0	5378960	
5/1/15	2523210	0	3072270		5/1/15	2523210	0	3072270		5/1/15	2523210	0	3072270			5/1/15	2523210	0	3072270		5/1/15	2523210	0	3072270		5/1/15	2523210	0	3072270		5/1/15	2810230	0	3646320		5/1/15	2523210	0	3072270		5/1/15	2933740	0	3893340		5/1/15	3070910	0	2567650			5/1/15	2629790	0	3627320	
6/1/15	2873210	0	1352320		6/1/15	2873210	0	1352320		6/1/15	2873210	0	1352320			6/1/15	2873210	0	1352320		6/1/15	2873210	0	1352320		6/1/15	2873210	0	1352320		6/1/15	3160230	0	1639350		6/1/15	2873210	0	1352320		6/1/15	3283740	0	1762850		6/1/15	2720910	0	1.00E+06			6/1/15	2979790	0	1800790	
7/1/15	3223210	0	1.00E+06		7/1/15	3223210	0	1.00E+06		7/1/15	3223210	0	1.00E+06			7/1/15	3223210	0	1.00E+06		7/1/15	3223210	0	1.00E+06		7/1/15	3223210	0	1.00E+06		7/1/15	3510230	0	1.00E+06		7/1/15	3223210	0	1.00E+06		7/1/15	3633740	0	1.00E+06		7/1/15	2658020	0	1212860			7/1/15	3329790	0	1341880	
8/1/15	3573210	0	4625750		8/1/15	3573210	0	4625750		8/1/15	3573210	0	4625750			8/1/15	3573210	0	4625750		8/1/15	3573210	0	4625750		8/1/15	3573210	0	4625750		8/1/15	3478300	0	4720660		8/1/15	3478300	0	4720660		8/1/15	3951760	0	4247200		8/1/15	3008020	0	5403800			8/1/15	3679790	0	4861060	
9/1/15	3923210	0	6264420		9/1/15	3923210	0	6264420		9/1/15	3923210	0	6264420			9/1/15	3923210	0	6264420		9/1/15	3923210	0	6264420		9/1/15	3923210	0	6264420		9/1/15	3828300	0	6454230		9/1/15	3828300	0	6454230		9/1/15	4301760	0	5507310		9/1/15	3358020	0	7607660			9/1/15	4029790	0	6393140	
10/1/15	4273210	0	8333730		10/1/15	4273210	0	8333730		10/1/15	4273210	0	8333730			10/1/15	4273210	0	8333730		10/1/15	4273210	0	8333730		10/1/15	4273210	0	8333730		10/1/15	4178300	0	8618460		10/1/15	4178300	0	8618460		10/1/15	4178300	0	7671540		10/1/15	3483500	0	10466700			10/1/15	4379790	0	8355880	
11/1/15	4187790	0	11002800		11/1/15	4187790	0	11002800		11/1/15	4187790	0	11002800			11/1/15	4187790	0	11002800		11/1/15	4187790	0	11002800		11/1/15	4187790	0	11002800		11/1/15	4423090	0	11052200		11/1/15	4368100	0	11107200		11/1/15	4528300	0	10000100		11/1/15	3133500	0	14190000			11/1/15	4729790	0	10482900	
12/1/15	4537790	0	13678100		12/1/15	4537790	0	13678100		12/1/15	4537790	0	13678100			12/1/15	4537790	0	13678100		12/1/15	4537790	0	13678100		12/1/15	4537790	0	13678100		12/1/15	4773090	0	13492200		12/1/15	4718100	0	13602200		12/1/15	4320380	0	12892800		12/1/15	2783500	0	18619600			12/1/15	5079790	0	12616200	
1/1/16	4887790	0	12556600		1/1/16	4887790	0	12556600		1/1/16	4887790	0	12556600			1/1/16	4887790	0	12556600		1/1/16	4887790	0	12556600		1/1/16	4887790	0	12556600		1/1/16	4528300	0	12730200		1/1/16	4878300	0	12490200		1/1/16	3970380	0	12688700		1/1/16	2433500	0	19952400			1/1/16	5258330	0	11124200	
2/1/16	4537790	0	10466900		2/1/16	4537790	0	10466900		2/1/16	4537790	0	10466900			2/1/16	4537790	0	10466900		2/1/16	4537790	0	10466900		2/1/16	4537790	0	10466900		2/1/16	4178300	0	1.10E+07		2/1/16	4528300	0	10410000		2/1/16	3620380	0	11516400		2/1/16	2783500	0	19617000			2/1/16	4908330	0	8663960	
3/1/16	4187790	0	8518330		3/1/16	4187790	0	8518330		3/1/16	4187790	0	8518330			3/1/16	4187790	0	8518330		3/1/16	4187790	0	8518330		3/1/16	4187790	0	8518330		3/1/16	3828300	0	9410910		3/1/16	4178300	0	8470890		3/1/16	3270380	0	10485200		3/1/16	2778300	0	19077900			3/1/16	4558330	0	6344840	
4/1/16	3837790	0	8429670		4/1/16	3837790	0	8429670		4/1/16	3837790	0	8429670			4/1/16	3837790	0	8429670		4/1/16	3837790	0	8429670		4/1/16	3837790	0	8429670		4/1/16	3478300	0	9681740		4/1/16	3828300	0	8391710		4/1/16	2920380	0	11314000		4/1/16	3128300	0	19698700			4/1/16	4208330	0	5885630	
5/1/16	3487790	0	10225700		5/1/16	3487790	0	10225700		5/1/16	3487790	0	10225700			5/1/16	3487790	0	10225700		5/1/16	3487790	0	10225700		5/1/16	3487790	0	10225700		5/1/16	3128300	0	11837200		5/1/16	3478300	0	10197200		5/1/16	2570380	0	14027400		5/1/16	3478300	0	21504200			5/1/16	3858330	0	7311090	
6/1/16	3137790	0	14285100		6/1/16	3137790	0	14285100		6/1/16	3137790	0	14285100			6/1/16	3137790	0	14285100		6/1/16	3137790	0	14285100		6/1/16	3137790	0	14285100		6/1/16	2778300	0	16256200		6/1/16	3128300	0	14266100		6/1/16	2428300	0	18796300		6/1/16	3828300	0	24873200			6/1/16	3508330	0	1.10E+07	
7/1/16	2787790	0	17794100		7/1/16	2787790	0	17794100		7/1/16	2787790	0	17794100			7/1/16	2787790	0	17794100		7/1/16	2787790	0	17794100		7/1/16	2787790	0	17794100		7/1/16	2428300	0	20124600		7/1/16	2778300	0	17784600		7/1/16	2778300	0	22314800		7/1/16	4178300	0	26991600			7/1/16	3158330	0	14138400	
8/1/16	2437790	0	2.10E+07		8/1/16	2437790	0	2.10E+07		8/1/16	2437790	0	2.10E+07			8/1/16	2437790	0	2.10E+07		8/1/16	2437790	0	2.10E+07		8/1/16	2437790	0	2.10E+07		8/1/16	2078300	0	23690000		8/1/16	2428300	0	2.10E+07		8/1/16	3128300	0	24830200		8/1/16	4178300	0	28457000			8/1/16	2808330	0	16973800	
9/1/16	2597690	0	23566100		9/1/16	2597690	0	23566100		9/1/16	2597690	0	23566100			9/1/16	2597690	0	23566100		9/1/16	2597690	0	23566100		9/1/16	2597690	0	23566100		9/1/16	2175470	0	26678300		9/1/16	2078300	0	24085500		9/1/16	3478300	0	26515700		9/1/16	3828300	0	29792500			9/1/16	2458330	0	19679200	
10/1/16	2247690	0	28165500		10/1/16	2247690	0	28165500		10/1/16	2247690	0	28165500			10/1/16	2247690	0	28165500		10/1/16	2247690	0	28165500		10/1/16	2247690	0	28165500		10/1/16	2525470	0	3.10E+07		10/1/16	2200070	0	28732500		10/1/16	3828300	0	29534500		10/1/16	3478300	0	33161300			10/1/16	2108330	0	24418000	
11/1/16	2597690	0	35156900		11/1/16	2597690	0	35156900		11/1/16	2597690	0	35156900			11/1/16	2597690	0	35156900		11/1/16	2597690	0	35156900		11/1/16	2597690	0	35156900		11/1/16	2875470	0	37713600		11/1/16	2550070	0	35771500		11/1/16	4178300	0	34945300		11/1/16	3128300	0	39622100			11/1/16	1758330	0	32248800	
12/1/16	2947690	0	42219100		12/1/16	2947690	0	42219100		12/1/16	2947690	0	42219100			12/1/16	2947690	0	42219100		12/1/16	2947690	0	42219100		12/1/16	2947690	0	42219100		12/1/16	3225470	0	44498000		12/1/16	2693800	0	43087600		12/1/16	3828300	0	41126800		12/1/16	2778300	0	46853700			12/1/16	1408330	0	40850300	
1/1/17	3297690	0	45925000		1/1/17	3297690	0	45925000		1/1/17	3297690	0	45925000			1/1/17	3297690	0	45925000		1/1/17	3297690	0	45925000		1/1/17	3297690	0	45925000		1/1/17	3444350	0	48057200		1/1/17	2343800	0	47747400		1/1/17	4178300	0	43952100		1/1/17	2810070	0	51047100			1/1/17	1758330	0	46095500	
2/1/17	3647690	0	46323100		2/1/17	3647690	0	46323100		2/1/17	3647690	0	46323100			2/1/17	3647690	0	46323100		2/1/17	3647690	0	46323100		2/1/17	3647690	0	46323100		2/1/17	3094350	0	49008700		2/1/17	2693800	0	49099400		2/1/17	3828300	0	44169600		2/1/17	2460070	0	52632900			2/1/17	1644360	0	48497000	
3/1/17	3997690	0	45414100		3/1/17	3997690	0	45414100		3/1/17	3997690	0	45414100			3/1/17	3997690	0	45414100		3/1/17	3997690	0	45414100		3/1/17	3997690	0	45414100		3/1/17	2744350	0	49353000		3/1/17	3043800	0	49144200		3/1/17	3843090	0	43415200		3/1/17	2810070	0	52911500			3/1/17	1994360	0	49591300	
4/1/17	3933850	0	45067000		4/1/17	3933850	0	45067000		4/1/17	3933850	0	45067000			4/1/17	3933850	0	45067000		4/1/17	3933850	0	45067000		4/1/17	3933850	0	45067000		4/1/17	2570970	0	50368800		4/1/17	3393800	0	49337200		4/1/17	4193090	0	42808900		4/1/17	3128300	0	53370000			4/1/17	2178060	0	5.10E+07	
5/1/17	3583850	0	65035300		5/1/17	3583850	0	65035300		5/1/17	3583850	0	65035300			5/1/17	3583850	0	65035300		5/1/17	3583850	0	65035300		5/1/17	3583850	0	65035300		5/1/17	2920970	0	7.10E+07		5/1/17	3743800	0	69145600		5/1/17	3843090	0	62518000		5/1/17	3478300	0	73443900			5/1/17	2528060	0	72024100	
6/1/17	3233850	0	75070500		6/1/17	3233850	0	75070500		6/1/17	3233850	0	75070500			6/1/17	3233850	0	75070500		6/1/17	3233850	0	75070500		6/1/17	3233850	0	75070500		6/1/17	2570970	0	81698000		6/1/17	4093800	0	78320800		6/1/17	3493090	0	72293900		6/1/17	3828300	0	82884600			6/1/17	2878060	0	82415100	
7/1/17	2883850	0	82023300		7/1/17	2883850	0	82023300		7/1/17	2883850	0	82023300			7/1/17	2883850	0	82023300		7/1/17	2883850	0	82023300		7/1/17	2883850	0	82023300		7/1/17	2920970	0	88613700		7/1/17	4178300	0	83979200		7/1/17	3143090	0	78987500		7/1/17	4178300	0	88543000			7/1/17	3228060	0	89023700	
8/1/17	2533850	0	87507700		8/1/17	2533850	0	87507700		8/1/17	2533850	0	87507700			8/1/17	2533850	0	87507700		8/1/17	2533850	0	87507700		8/1/17	2533850	0	87507700		8/1/17	3270970	0	93361000		8/1/17	3861780	0	88135600		8/1/17	2793090	0	84212600		8/1/17	3828300	0	92732800			8/1/17	3578060	0	93463800	
9/1/17	2883850	0	9.10E+07		9/1/17	2883850	0	9.10E+07		9/1/17	2883850	0	9.10E+07			9/1/17	2883850	0	9.10E+07		9/1/17	2883850	0	9.10E+07		9/1/17	2883850	0	9.10E+07		9/1/17	3620970	0	96116200		9/1/17	3511780	0	9.10E+07		9/1/17	2443090	0	88145700		9/1/17	3478300	0	95630700			9/1/17	3928060	0	95911900	
10/1/17	2984620	0	93500300		10/1/17	2984620	0	93500300		10/1/17	2984620	0	93500300			10/1/17	2984620	0	93500300		10/1/17	2984620	0	93500300		10/1/17	2984620	0	93500300		10/1/17	3970970	0	97630100		10/1/17	3161780	0	93323200		10/1/17	2630590	0	9.10E+07		10/1/17	3128300	0	97987300			10/1/17	4178300	0	97218600	
11/1/17	3334620	0	94731500		11/1/17	3334620	0	94731500		11/1/17	3334620	0	94731500			11/1/17	3334620	0	94731500		11/1/17	3334620	0	94731500		11/1/17	3334620	0	94731500		11/1/17	4178300	0	98017600		11/1/17	2811780	0	95077200		11/1/17	2980590	0	92585200		11/1/17	3478300	0	99074800			11/1/17	4528300	0	97256100	
12/1/17	3684620	0	94275300		12/1/17	3684620	0	94275300		12/1/17	3684620	0	94275300			12/1/17	3684620	0	94275300		12/1/17	3684620	0	94275300		12/1/17	3684620	0	94275300		12/1/17	4178300	0	97067800		12/1/17	3161780	0	95143800		12/1/17	2630590	0	93183100		12/1/17	3393400	0	98909900			12/1/17	4878300	0	95606200	
1/1/18	4034620	0	92420800		1/1/18	4034620	0	92420800		1/1/18	4034620	0	92420800			1/1/18	4034620	0	92420800		1/1/18	4034620	0	92420800		1/1/18	4034620	0	92420800		1/1/18	3828300	0	95419500		1/1/18	3511780	0	93812100		1/1/18	2294820	0	93068300		1/1/18	3043400	0	98046600			1/1/18	5228300	0	92558000	
2/1/18	3684620	0	89785800		2/1/18	3684620	0	89785800		2/1/18	3684620	0	89785800			2/1/18	3684620	0	89785800		2/1/18	3684620	0	89785800		2/1/18	3684620	0	89785800		2/1/18	4178300	0	92290900		2/1/18	3861780	0	9.10E+07		2/1/18	2644820	0	91473200		2/1/18	3393400	0	95702800			2/1/18	4911060	0	88696600	
3/1/18	3334620	0	87876900		3/1/18	3334620	0	87876900		3/1/18	3334620	0	87876900			3/1/18	3334620	0	87876900		3/1/18	3334620	0	87876900		3/1/18	3334620	0	87876900		3/1/18	3828300	0	89888300		3/1/18	3511780	0	88914000		3/1/18	2778300	0	90120600		3/1/18	3043400	0	94085200			3/1/18	4561060	0	85561300	
4/1/18	2984620	0	87277100		4/1/18	2984620	0	87277100		4/1/18	2984620	0	87277100			4/1/18	2984620	0	87277100		4/1/18	2984620	0	87277100		4/1/18	2984620	0	87277100		4/1/18	3478300	0	88794900		4/1/18	3671390	0	87627400		4/1/18	3128300	0	89377100		4/1/18	3393400	0	93076600			4/1/18	4211060	0	83735000	
5/1/18	3253370	0	87744200		5/1/18	3253370	0	87744200		5/1/18	3253370	0	87744200			5/1/18	3253370	0	87744200		5/1/18	3253370	0	87744200		5/1/18	3253370	0	87744200		5/1/18	3128300	0	89387000		5/1/18	3370130	0	87977700		5/1/18	3478300	0	89619300		5/1/18	3478300	0	93318700			5/1/18	3861060	0	83594400	
6/1/18	2903370	0	90049900		6/1/18	2903370	0	90049900		6/1/18	2903370	0	90049900			6/1/18	2903370	0	90049900		6/1/18	2903370	0	90049900		6/1/18	2903370	0	90049900		6/1/18	2778300	0	91817700		6/1/18	3020130	0	90166600		6/1/18	3828300	0	9.10E+07		6/1/18	3828300	0	94699500			6/1/18	3511060	0	85292400	
7/1/18	2553370	0	9.10E+07		7/1/18	2553370	0	9.10E+07		7/1/18	2553370	0	9.10E+07			7/1/18	2553370	0	9.10E+07		7/1/18	2553370	0	9.10E+07		7/1/18	2553370	0	9.10E+07		7/1/18	2428300	0	92893000		7/1/18	2670130	0	9.10E+07		7/1/18	4178300	0	90325200		7/1/18	4178300	0	94024700			7/1/18	3161060	0	85634800	
8/1/18	2203370	0	91116800		8/1/18	2203370	0	91116800		8/1/18	2203370	0	91116800			8/1/18	2203370	0	91116800		8/1/18	2203370	0	91116800		8/1/18	2203370	0	91116800		8/1/18	2570700	0	92642400		8/1/18	2320130	0	9.10E+07		8/1/18	4233770	0	88411600		8/1/18	3828300	0	92516500			8/1/18	2811060	0	85143900	
9/1/18	2553370	0	89857200		9/1/18	2553370	0	89857200		9/1/18	2553370	0	89857200			9/1/18	2553370	0	89857200		9/1/18	2553370	0	89857200		9/1/18	2553370	0	89857200		9/1/18	2920700	0	91015500		9/1/18	2495940	0	89797900		9/1/18	3883770	0	85821600		9/1/18	3478300	0	90332000			9/1/18	2461060	0	83976600	
10/1/18	2903370	0	87642200		10/1/18	2903370	0	87642200		10/1/18	2903370	0	87642200			10/1/18	2903370	0	87642200		10/1/18	2903370	0	87642200		10/1/18	2903370	0	87642200		10/1/18	3270700	0	88433200		10/1/18	2845940	0	87640300		10/1/18	3533770	0	82976200		10/1/18	3128300	0	87892100			10/1/18	2111060	0	82553900	
11/1/18	3253370	0	84596000		11/1/18	3253370	0	84596000		11/1/18	3253370	0	84596000			11/1/18	3253370	0	84596000		11/1/18	3253370	0	84596000		11/1/18	3253370	0	84596000		11/1/18	3620700	0	85019600		11/1/18	3195940	0	84651500		11/1/18	3183770	0	79999600		11/1/18	2778300	0	85320900			11/1/18	1761060	0	8.10E+07	
12/1/18	3603370	0	8.10E+07		12/1/18	3603370	0	8.10E+07		12/1/18	3603370	0	8.10E+07			12/1/18	3603370	0	8.10E+07		12/1/18	3603370	0	8.10E+07		12/1/18	3603370	0	8.10E+07		12/1/18	3969100	0	81057900		12/1/18	3545940	0	81113000		12/1/18	2833770	0	77173200		12/1/18	2428300	0	82900000			12/1/18	1411060	0	79596400	
1/1/19	3299700	0	77497900		1/1/19	3299700	0	77497900		1/1/19	3299700	0	77497900			1/1/19	3299700	0	77497900		1/1/19	3299700	0	77497900		1/1/19	3299700	0	77497900		1/1/19	3619100	0	77236400		1/1/19	3195940	0	77714600		1/1/19	2483770	0	74487000		1/1/19	2078300	0	80619300			1/1/19	1678730	0	77715200	
2/1/19	3649700	0	73624100		2/1/19	3649700	0	73624100		2/1/19	3649700	0	73624100			2/1/19	3649700	0	73624100		2/1/19	3649700	0	73624100		2/1/19	3649700	0	73624100		2/1/19	3269100	0	73743200		2/1/19	3508210	0	73982300		2/1/19	2431850	0	71831000		2/1/19	2078300	0	78316900			2/1/19	2028730	0	75462400	
3/1/19	3999700	0	69800300		3/1/19	3999700	0	69800300		3/1/19	3999700	0	69800300			3/1/19	3999700	0	69800300		3/1/19	3999700	0	69800300		3/1/19	3999700	0	69800300		3/1/19	2919100	0	7.10E+07		3/1/19	3158210	0	7.10E+07		3/1/19	2781850	0	69225100		3/1/19	2428300	0	76064500			3/1/19	2378730	0	73259600	
4/1/19	3649700	0	66619800		4/1/19	3649700	0	66619800		4/1/19	3649700	0	66619800			4/1/19	3649700	0	66619800		4/1/19	3649700	0	66619800		4/1/19	3649700	0	66619800		4/1/19	3269100	0	68200100		4/1/19	2808210	0	68661000		4/1/19	3131850	0	66562400		4/1/19	2778300	0	73755400			4/1/19	2728730	0	7.10E+07	
5/1/19	3299700	0	66144300		5/1/19	3299700	0	66144300		5/1/19	3299700	0	66144300			5/1/19	3299700	0	66144300		5/1/19	3299700	0	66144300		5/1/19	3299700	0	66144300		5/1/19	3619100	0	67405200		5/1/19	2458210	0	69027000		5/1/19	3481850	0	65904800		5/1/19	3128300	0	73451300			5/1/19	3078730	0	70745500	
6/1/19	2949700	0	66304200		6/1/19	2949700	0	66304200		6/1/19	2949700	0	66304200			6/1/19	2949700	0	66304200		6/1/19	2949700	0	66304200		6/1/19	2949700	0	66304200		6/1/19	3269100	0	67245700		6/1/19	2602930	0	69533700		6/1/19	3831850	0	65182600		6/1/19	3478300	0	73082700			6/1/19	2880100	0	70975000	
7/1/19	2599700	0	66259600		7/1/19	2599700	0	66259600		7/1/19	2599700	0	66259600			7/1/19	2599700	0	66259600		7/1/19	2599700	0	66259600		7/1/19	2599700	0	66259600		7/1/19	2919100	0	66881700		7/1/19	2952930	0	69135800		7/1/19	4181850	0	63555800		7/1/19	3828300	0	71809400			7/1/19	2530100	0	7.10E+07	
8/1/19	2610420	0	65271700		8/1/19	2610420	0	65271700		8/1/19	2610420	0	65271700			8/1/19	2610420	0	65271700		8/1/19	2610420	0	65271700		8/1/19	2610420	0	65271700		8/1/19	2723260	0	65780900		8/1/19	3302930	0	67455400		8/1/19	4178300	0	6.10E+07		8/1/19	4178300	0	69253600			8/1/19	2180100	0	70442400	
9/1/19	2960420	0	63208200		9/1/19	2960420	0	63208200		9/1/19	2960420	0	63208200			9/1/19	2960420	0	63208200		9/1/19	2960420	0	63208200		9/1/19	2960420	0	63208200		9/1/19	3073260	0	63604600		9/1/19	3652930	0	64699400		9/1/19	3899200	0	57997700		9/1/19	4178300	0	65972300			9/1/19	2427320	0	68912000	
10/1/19	3310420	0	60002200		10/1/19	3310420	0	60002200		10/1/19	3310420	0	60002200			10/1/19	3310420	0	60002200		10/1/19	3310420	0	60002200		10/1/19	3310420	0	60002200		10/1/19	3423260	0	60285800		10/1/19	4002930	0	60800900		10/1/19	3549200	0	54552900		10/1/19	3838700	0	62238000			10/1/19	2077320	0	66939100	
11/1/19	3660420	0	55988000		11/1/19	3660420	0	55988000		11/1/19	3660420	0	55988000			11/1/19	3660420	0	55988000		11/1/19	3660420	0	55988000		11/1/19	3660420	0	55988000		11/1/19	3773260	0	56158800		11/1/19	4178300	0	56268900		11/1/19	3199200	0	5.10E+07		11/1/19	3828300	0	58055900			11/1/19	2427320	0	64158000	
12/1/19	4010420	0	51433800		12/1/19	4010420	0	51433800		12/1/19	4010420	0	51433800			12/1/19	4010420	0	51433800		12/1/19	4010420	0	51433800		12/1/19	4010420	0	51433800		12/1/19	4123260	0	51491700		12/1/19	4178300	0	51546800		12/1/19	2849200	0	47607000		12/1/19	4178300	0	53333900			12/1/19	2614250	0	6.10E+07	
1/1/20	4360420	0	46402500		1/1/20	4360420	0	46402500		1/1/20	4360420	0	46402500			1/1/20	4360420	0	46402500		1/1/20	4360420	0	46402500		1/1/20	4360420	0	46402500		1/1/20	4473260	0	46347600		1/1/20	4528300	0	46347600		1/1/20	2797020	0	44139100		1/1/20	3828300	0	48834700			1/1/20	2264250	0	58064800	
2/1/20	4710420	0	4.10E+07		2/1/20	4710420	0	4.10E+07		2/1/20	4710420	0	4.10E+07			2/1/20	4710420	0	4.10E+07		2/1/20	4710420	0	4.10E+07		2/1/20	4710420	0	4.10E+07		2/1/20	4655500	0	4.10E+07		2/1/20	4655500	0	4.10E+07		2/1/20	2447020	0	4.10E+07		2/1/20	4178300	0	43964300			2/1/20	1914250	0	55458500	
3/1/20	4360420	0	36062700		3/1/20	4360420	0	36062700		3/1/20	4360420	0	36062700			3/1/20	4360420	0	36062700		3/1/20	4360420	0	36062700		3/1/20	4360420	0	36062700		3/1/20	4305500	0	36117600		3/1/20	4305500	0	36117600		3/1/20	2476930	0	37946200		3/1/20	4008500	0	39378900			3/1/20	2264250	0	52617400	
4/1/20	4010420	0	31742200		4/1/20	4010420	0	31742200		4/1/20	4010420	0	31742200			4/1/20	4010420	0	31742200		4/1/20	4010420	0	31742200		4/1/20	4010420	0	31742200		4/1/20	3955500	0	31852100		4/1/20	3955500	0	31852100		4/1/20	2126930	0	35509200		4/1/20	4358500	0	34710300			4/1/20	2614250	0	49693100	
5/1/20	4044790	0	27293500		5/1/20	4044790	0	27293500		5/1/20	4044790	0	27293500			5/1/20	4044790	0	27293500		5/1/20	4044790	0	27293500		5/1/20	4044790	0	27293500		5/1/20	3605500	0	27842600		5/1/20	3605500	0	27842600		5/1/20	1776930	0	33328300		5/1/20	4178300	0	30128100			5/1/20	2964250	0	46324900	
6/1/20	3694790	0	25178500		6/1/20	3694790	0	25178500		6/1/20	3694790	0	25178500			6/1/20	3694790	0	25178500		6/1/20	3694790	0	25178500		6/1/20	3694790	0	25178500		6/1/20	3255500	0	26167000		6/1/20	3255500	0	26167000		6/1/20	2126930	0	32781300		6/1/20	3828300	0	27879600			6/1/20	3314250	0	44590500	
7/1/20	3344790	0	23595600		7/1/20	3344790	0	23595600		7/1/20	3344790	0	23595600			7/1/20	3344790	0	23595600		7/1/20	3344790	0	23595600		7/1/20	3344790	0	23595600		7/1/20	2905500	0	25023300		7/1/20	2905500	0	25023300		7/1/20	1776930	0	32766200		7/1/20	3478300	0	26163200			7/1/20	3664250	0	42688100	
8/1/20	2994790	0	21195300		8/1/20	2994790	0	21195300		8/1/20	2994790	0	21195300			8/1/20	2994790	0	21195300		8/1/20	2994790	0	21195300		8/1/20	2994790	0	21195300		8/1/20	2555500	0	23062300		8/1/20	2555500	0	23062300		8/1/20	1426930	0	31933700		8/1/20	3128300	0	23629300			8/1/20	4014250	0	39268300	
9/1/20	2644790	0	18693700		9/1/20	2644790	0	18693700		9/1/20	2644790	0	18693700			9/1/20	2644790	0	18693700		9/1/20	2644790	0	18693700		9/1/20	2644790	0	18693700		9/1/20	2205500	0	2.10E+07		9/1/20	2205500	0	2.10E+07		9/1/20	1076930	0	3.10E+07		9/1/20	2778300	0	20994300			9/1/20	4178300	0	35233200	
10/1/20	2294790	0	16249400		10/1/20	2294790	0	16249400		10/1/20	2294790	0	16249400			10/1/20	2294790	0	16249400		10/1/20	2294790	0	16249400		10/1/20	2294790	0	16249400		10/1/20	1912590	0	18937900		10/1/20	1946640	0	18903900		10/1/20	726928	0	30123600		10/1/20	2428300	0	18416500			10/1/20	4083730	0	3.10E+07	
11/1/20	1944790	0	13938900		11/1/20	1944790	0	13938900		11/1/20	1944790	0	13938900			11/1/20	1944790	0	13938900		11/1/20	1944790	0	13938900		11/1/20	1944790	0	13938900		11/1/20	2262590	0	16309600		11/1/20	2296640	0	16241500		11/1/20	376928	0	29380900		11/1/20	2078300	0	15972400			11/1/20	3733730	0	26900500	
12/1/20	1594790	0	11734500		12/1/20	1594790	0	11734500		12/1/20	1594790	0	11734500			12/1/20	1594790	0	11734500		12/1/20	1594790	0	11734500		12/1/20	1594790	0	11734500		12/1/20	2188000	0	13512000		12/1/20	2450000	0	13181900		12/1/20	26928.3	0	28744400		12/1/20	1728300	0	13634600			12/1/20	3383730	0	22907200	
1/1/21	1895900	0	9164640		1/1/21	1895900	0	9164640		1/1/21	1895900	0	9164640			1/1/21	1895900	0	9164640		1/1/21	1895900	0	9164640		1/1/21	1895900	0	9164640		1/1/21	1838000	0	1.10E+07		1/1/21	2100000	0	10407900		1/1/21	376928	0	27693500		1/1/21	2050420	0	10910100			1/1/21	3033730	0	19199500	
2/1/21	1545900	0	7191440		2/1/21	1545900	0	7191440		2/1/21	1545900	0	7191440			2/1/21	1545900	0	7191440		2/1/21	1545900	0	7191440		2/1/21	1545900	0	7191440		2/1/21	1488000	0	9084690		2/1/21	1750000	0	8230610		2/1/21	486536	0	26779600		2/1/21	1700420	0	8782420			2/1/21	2683730	0	16088400	
3/1/21	1195900	0	5618730		3/1/21	1195900	0	5618730		3/1/21	1195900	0	5618730			3/1/21	1195900	0	5618730		3/1/21	1195900	0	5618730		3/1/21	1195900	0	5618730		3/1/21	1138000	0	7569870		3/1/21	1400000	0	6453800		3/1/21	136536	0	26266300		3/1/21	1350420	0	7055180			3/1/21	2333730	0	13377900	
4/1/21	845896	0	4378680		4/1/21	845896	0	4378680		4/1/21	845896	0	4378680			4/1/21	845896	0	4378680		4/1/21	845896	0	4378680		4/1/21	845896	0	4378680		4/1/21	788005	0	6387710		4/1/21	1050000	0	5009650		4/1/21	0	0	25872100		4/1/21	1000420	0	5660610			4/1/21	1983730	0	1.10E+07	
5/1/21	495896	0	3422710		5/1/21	495896	0	3422710		5/1/21	495896	0	3422710			5/1/21	495896	0	3422710		5/1/21	495896	0	3422710		5/1/21	495896	0	3422710		5/1/21	438005	0	5489630		5/1/21	7.00E+05	0	3849570		5/1/21	0	0	25412100		5/1/21	650421	0	4550110			5/1/21	1633730	0	8906190	
6/1/21	145896	0	3292260		6/1/21	145896	0	3292260		6/1/21	145896	0	3292260			6/1/21	145896	0	3292260		6/1/21	145896	0	3292260		6/1/21	145896	0	3292260		6/1/21	350000	0	5155080		6/1/21	350000	0	3515020		6/1/21	0	0	25427500		6/1/21	300421	0	4265140			6/1/21	1283730	0	7637900	
7/1/21	0	0	3901680		7/1/21	0	0	3901680		7/1/21	0	0	3901680			7/1/21	0	0	3901680		7/1/21	0	0	3901680		7/1/21	0	0	3901680		7/1/21	0	0	5764510		7/1/21	0	0	4124440		7/1/21	0	0	26036900		7/1/21	0	0	4874560			7/1/21	933733	0	7313600	
8/1/21	0	0	4416930		8/1/21	0	0	4416930		8/1/21	0	0	4416930			8/1/21	0	0	4416930		8/1/21	0	0	4416930		8/1/21	0	0	4416930		8/1/21	0	0	6279750		8/1/21	0	0	4639690		8/1/21	0	0	26552200		8/1/21	0	0	5389810			8/1/21	1125690	0	6703160	
9/1/21	0	0	4374770		9/1/21	0	0	4374770		9/1/21	0	0	4374770			9/1/21	0	0	4374770		9/1/21	0	0	4374770		9/1/21	0	0	4374770		9/1/21	0	0	6237590		9/1/21	0	0	4597530		9/1/21	0	0	26510000		9/1/21	0	0	5347650			9/1/21	775688	0	5885310	
10/1/21	0	0	3976210		10/1/21	0	0	3976210		10/1/21	0	0	3976210			10/1/21	0	0	3976210		10/1/21	0	0	3976210		10/1/21	0	0	3976210		10/1/21	0	0	5839030		10/1/21	0	0	4198970		10/1/21	0	0	26111500		10/1/21	0	0	4949090			10/1/21	425688	0	5061060	
11/1/21	0	0	3409700		11/1/21	0	0	3409700		11/1/21	0	0	3409700			11/1/21	0	0	3409700		11/1/21	0	0	3409700		11/1/21	0	0	3409700		11/1/21	0	0	5272520		11/1/21	0	0	3632460		11/1/21	0	0	25544900		11/1/21	0	0	4382580			11/1/21	75688.3	0	4418860	
12/1/21	0	0	2804960		12/1/21	0	0	2804960		12/1/21	0	0	2804960			12/1/21	0	0	2804960		12/1/21	0	0	2804960		12/1/21	0	0	2804960		12/1/21	0	0	4667780		12/1/21	0	0	3027720		12/1/21	0	0	24940200		12/1/21	0	0	3777840			12/1/21	425688	0	3388440	
1/1/22	0	0	2204540		1/1/22	0	0	2204540		1/1/22	0	0	2204540			1/1/22	0	0	2204540		1/1/22	0	0	2204540		1/1/22	0	0	2204540		1/1/22	0	0	4067370		1/1/22	0	0	2427310		1/1/22	0	0	24339800		1/1/22	0	0	3177420			1/1/22	466736	0	2321280	
2/1/22	0	0	1777240		2/1/22	0	0	1777240		2/1/22	0	0	1777240			2/1/22	0	0	1777240		2/1/22	0	0	1777240		2/1/22	0	0	1777240		2/1/22	0	0	3640060		2/1/22	0	0	2.00E+06		2/1/22	0	0	23912500		2/1/22	350000	0	2400120			2/1/22	116736	0	1777240	
3/1/22	0	0	1377120		3/1/22	0	0	1377120		3/1/22	0	0	1377120			3/1/22	0	0	1377120		3/1/22	0	0	1377120		3/1/22	0	0	1377120		3/1/22	0	0	3239940		3/1/22	0	0	1599880		3/1/22	0	0	23512400		3/1/22	0	0	2.00E+06			3/1/22	0	0	1377120	
4/1/22	0	0	1159790		4/1/22	0	0	1159790		4/1/22	0	0	1159790			4/1/22	0	0	1159790		4/1/22	0	0	1159790		4/1/22	0	0	1159790		4/1/22	0	0	3022620		4/1/22	0	0	1382560		4/1/22	0	0	23295000		4/1/22	0	0	1782680			4/1/22	0	0	1159790	
5/1/22	0	0	1034630		5/1/22	0	0	1034630		5/1/22	0	0	1034630			5/1/22	0	0	1034630		5/1/22	0	0	1034630		5/1/22	0	0	1034630		5/1/22	0	0	2897460		5/1/22	0	0	1257390		5/1/22	0	0	23169900		5/1/22	0	0	1657510			5/1/22	0	0	1034630	
6/1/22	0	0	1.00E+06		6/1/22	0	0	1.00E+06		6/1/22	0	0	1.00E+06			6/1/22	0	0	1.00E+06		6/1/22	0	0	1.00E+06		6/1/22	0	0	1.00E+06		6/1/22	0	0	2862820		6/1/22	0	0	1222760		6/1/22	0	0	23135300		6/1/22	0	0	1622880			6/1/22	0	0	1.00E+06	
7/1/22	0	0	9137180		7/1/22	0	0	9137180		7/1/22	0	0	9137180			7/1/22	0	0	9137180		7/1/22	0	0	9137180		7/1/22	0	0	9137180		7/1/22	0	0	1.10E+07		7/1/22	0	0	9359940		7/1/22	0	0	31272400		7/1/22	0	0	9760060			7/1/22	0	0	9137180	
8/1/22	0	0	10609900		8/1/22	0	0	10609900		8/1/22	0	0	10609900			8/1/22	0	0	10609900		8/1/22	0	0	10609900		8/1/22	0	0	10609900		8/1/22	0	0	12472700		8/1/22	0	0	10832700		8/1/22	0	0	32745200		8/1/22	0	0	11232800			8/1/22	0	0	10609900	
9/1/22	89195.5	0	11028800		9/1/22	89195.5	0	11028800		9/1/22	89195.5	0	11028800			9/1/22	89195.5	0	11028800		9/1/22	89195.5	0	11028800		9/1/22	89195.5	0	11028800		9/1/22	350000	0	12630800		9/1/22	0	0	11340700		9/1/22	0	0	33253200		9/1/22	0	0	11740800			9/1/22	0	0	11118000	
10/1/22	439196	0	1.10E+07		10/1/22	439196	0	1.10E+07		10/1/22	439196	0	1.10E+07			10/1/22	439196	0	1.10E+07		10/1/22	439196	0	1.10E+07		10/1/22	439196	0	1.10E+07		10/1/22	129042	0	12912200		10/1/22	330798	0	11420400		10/1/22	350000	0	33313600		10/1/22	1.00E+05	0	12051300			10/1/22	0	0	11528400	
11/1/22	596050	0	10493200		11/1/22	596050	0	10493200		11/1/22	596050	0	10493200			11/1/22	596050	0	10493200		11/1/22	596050	0	10493200		11/1/22	596050	0	10493200		11/1/22	479042	0	12522400		11/1/22	509601	0	1.10E+07		11/1/22	7.00E+05	0	32702900		11/1/22	450000	0	11690500			11/1/22	350000	0	11267600	
12/1/22	946050	0	9475390		12/1/22	946050	0	9475390		12/1/22	946050	0	9475390			12/1/22	946050	0	9475390		12/1/22	946050	0	9475390		12/1/22	946050	0	9475390		12/1/22	829042	0	11621600		12/1/22	159601	0	10768600		12/1/22	350000	0	32281100		12/1/22	1.00E+05	0	11518800			12/1/22	66527.8	0	11129400	
1/1/23	1296050	0	8049550		1/1/23	1296050	0	8049550		1/1/23	1296050	0	8049550			1/1/23	1296050	0	8049550		1/1/23	1296050	0	8049550		1/1/23	1296050	0	8049550		1/1/23	491783	0	1.10E+07		1/1/23	0	0	10638800		1/1/23	7.00E+05	0	31451300		1/1/23	0	0	11389000			1/1/23	416528	0	10583000	
2/1/23	1646050	0	6258060		2/1/23	1646050	0	6258060		2/1/23	1646050	0	6258060			2/1/23	1646050	0	6258060		2/1/23	1646050	0	6258060		2/1/23	1646050	0	6258060		2/1/23	141783	0	10712800		2/1/23	0	0	10493400		2/1/23	350000	0	30955900		2/1/23	0	0	11243500			2/1/23	766528	0	9671070	
3/1/23	1996050	0	4272090		3/1/23	1996050	0	4272090		3/1/23	1996050	0	4272090			3/1/23	1996050	0	4272090		3/1/23	1996050	0	4272090		3/1/23	1996050	0	4272090		3/1/23	350000	0	10372900		3/1/23	282984	0	10220500		3/1/23	0	0	30966000		3/1/23	0	0	11253600			3/1/23	1116530	0	8564620	
4/1/23	1750000	0	2391090		4/1/23	1750000	0	2391090		4/1/23	1750000	0	2391090			4/1/23	1750000	0	2391090		4/1/23	1750000	0	2391090		4/1/23	1750000	0	2391090		4/1/23	7.00E+05	0	9541860		4/1/23	632984	0	9456520		4/1/23	0	0	30835000		4/1/23	0	0	11122600			4/1/23	766528	0	7667090	
5/1/23	1400000	0	1592110		5/1/23	1400000	0	1592110		5/1/23	1400000	0	1592110			5/1/23	1400000	0	1592110		5/1/23	1400000	0	1592110		5/1/23	1400000	0	1592110		5/1/23	350000	0	9792880		5/1/23	982984	0	9074560		5/1/23	0	0	31436000		5/1/23	0	0	11723600			5/1/23	416528	0	7851580	
6/1/23	1050000	0	1749230		6/1/23	1050000	0	1749230		6/1/23	1050000	0	1749230			6/1/23	1050000	0	1749230		6/1/23	1050000	0	1749230		6/1/23	1050000	0	1749230		6/1/23	0	0	1.10E+07		6/1/23	1050000	0	9231680		6/1/23	235070	0	32408100		6/1/23	0	0	12930800			6/1/23	66527.8	0	8992180	
7/1/23	7.00E+05	0	2476920		7/1/23	7.00E+05	0	2476920		7/1/23	7.00E+05	0	2476920			7/1/23	7.00E+05	0	2476920		7/1/23	7.00E+05	0	2476920		7/1/23	7.00E+05	0	2476920		7/1/23	0	0	12427700		7/1/23	7.00E+05	0	9959370		7/1/23	585070	0	33250700		7/1/23	0	0	14358400			7/1/23	3837.56	0	10416000	
8/1/23	350000	0	3064730		8/1/23	350000	0	3064730		8/1/23	350000	0	3064730			8/1/23	350000	0	3064730		8/1/23	350000	0	3064730		8/1/23	350000	0	3064730		8/1/23	350000	0	13015500		8/1/23	350000	0	10547200		8/1/23	935070	0	33253400		8/1/23	0	0	15296200			8/1/23	353838	0	1.10E+07	
9/1/23	0	0	3517550		9/1/23	0	0	3517550		9/1/23	0	0	3517550			9/1/23	0	0	3517550		9/1/23	0	0	3517550		9/1/23	0	0	3517550		9/1/23	0	0	13468300		9/1/23	0	0	1.10E+07		9/1/23	1285070	0	32421200		9/1/23	0	0	15749100			9/1/23	703838	0	10749000	
10/1/23	0	0	3683420		10/1/23	0	0	3683420		10/1/23	0	0	3683420			10/1/23	0	0	3683420		10/1/23	0	0	3683420		10/1/23	0	0	3683420		10/1/23	350000	0	13284200		10/1/23	262731	0	10903100		10/1/23	1635070	0	30952000		10/1/23	0	0	15914900			10/1/23	1053840	0	9861020	
11/1/23	0	0	3275640		11/1/23	0	0	3275640		11/1/23	0	0	3275640			11/1/23	0	0	3275640		11/1/23	0	0	3275640		11/1/23	0	0	3275640		11/1/23	547601	0	12328800		11/1/23	612731	0	9882630		11/1/23	1985070	0	28559100		11/1/23	350000	0	15157200			11/1/23	1403840	0	8049400	
12/1/23	0	0	2818500		12/1/23	0	0	2818500		12/1/23	0	0	2818500			12/1/23	0	0	2818500		12/1/23	0	0	2818500		12/1/23	0	0	2818500		12/1/23	871667	0	1.10E+07		12/1/23	962731	0	8462750		12/1/23	1635070	0	26466900		12/1/23	7.00E+05	0	1.40E+07			12/1/23	1753840	0	5838420	
1/1/24	0	0	2402190		1/1/24	0	0	2402190		1/1/24	0	0	2402190			1/1/24	0	0	2402190		1/1/24	0	0	2402190		1/1/24	0	0	2402190		1/1/24	521667	0	10062000		1/1/24	1312730	0	6733710		1/1/24	1985070	0	24065500		1/1/24	1050000	0	12533700			1/1/24	1403840	0	4018270	
2/1/24	0	0	2081010		2/1/24	0	0	2081010		2/1/24	0	0	2081010			2/1/24	0	0	2081010		2/1/24	0	0	2081010		2/1/24	0	0	2081010		2/1/24	871667	0	8869180		2/1/24	1662730	0	4749800		2/1/24	2335070	0	21409300		2/1/24	1400000	0	10812500			2/1/24	1053840	0	2643250	
3/1/24	0	0	1802290		3/1/24	0	0	1802290		3/1/24	0	0	1802290			3/1/24	0	0	1802290		3/1/24	0	0	1802290		3/1/24	0	0	1802290		3/1/24	1221670	0	7368790		3/1/24	1312730	0	3158350		3/1/24	2685070	0	18445500		3/1/24	1555400	0	8978410			3/1/24	703838	0	1660700	
4/1/24	74633.8	0	1532040		4/1/24	74633.8	0	1532040		4/1/24	74633.8	0	1532040			4/1/24	74633.8	0	1532040		4/1/24	74633.8	0	1532040		4/1/24	74633.8	0	1532040		4/1/24	871667	0	6301500		4/1/24	962731	0	2.00E+06		4/1/24	3035070	0	15214800		4/1/24	1905400	0	6877400			4/1/24	353838	0	1111240	
5/1/24	424634	0	1.00E+06		5/1/24	424634	0	1.00E+06		5/1/24	424634	0	1.00E+06			5/1/24	424634	0	1.00E+06		5/1/24	424634	0	1.00E+06		5/1/24	424634	0	1.00E+06		5/1/24	1221670	0	4972430		5/1/24	612731	0	1279870		5/1/24	3385070	0	11722300		5/1/24	1555400	0	5214600			5/1/24	3837.56	0	1.00E+06	
6/1/24	774634	0	6615250		6/1/24	774634	0	6615250		6/1/24	774634	0	6615250			6/1/24	774634	0	6615250		6/1/24	774634	0	6615250		6/1/24	774634	0	6615250		6/1/24	1571670	0	9790650		6/1/24	262731	0	7407020		6/1/24	3035070	0	15077100		6/1/24	1205400	0	10399100			6/1/24	3309.86	0	7386580	
7/1/24	1124630	0	7921630		7/1/24	1124630	0	7921630		7/1/24	1124630	0	7921630			7/1/24	1124630	0	7921630		7/1/24	1124630	0	7921630		7/1/24	1124630	0	7921630		7/1/24	1221670	0	1.10E+07		7/1/24	0	0	9838040		7/1/24	2685070	0	14823100		7/1/24	1555400	0	11274700			7/1/24	353310	0	9464280	
8/1/24	774634	0	11315200		8/1/24	774634	0	11315200		8/1/24	774634	0	11315200			8/1/24	774634	0	11315200		8/1/24	774634	0	11315200		8/1/24	774634	0	11315200		8/1/24	871667	0	14296500		8/1/24	0	0	14006200		8/1/24	2335070	0	16656200		8/1/24	1205400	0	14237500			8/1/24	703310	0	12929200	
9/1/24	424634	0	11987000		9/1/24	424634	0	11987000		9/1/24	424634	0	11987000			9/1/24	424634	0	11987000		9/1/24	424634	0	11987000		9/1/24	424634	0	11987000		9/1/24	521667	0	14871300		9/1/24	272576	0	14830000		9/1/24	1985070	0	15767500		9/1/24	855396	0	14478500			9/1/24	1053310	0	12972300	
10/1/24	74633.8	0	13214200		10/1/24	74633.8	0	13214200		10/1/24	74633.8	0	13214200			10/1/24	74633.8	0	13214200		10/1/24	74633.8	0	13214200		10/1/24	74633.8	0	13214200		10/1/24	871667	0	15301500		10/1/24	622576	0	15509400		10/1/24	1635070	0	15434400		10/1/24	505396	0	15275000			10/1/24	703310	0	13570900	
11/1/24	0	0	15043800		11/1/24	0	0	15043800		11/1/24	0	0	15043800			11/1/24	0	0	15043800		11/1/24	0	0	15043800		11/1/24	0	0	15043800		11/1/24	868633	0	16262400		11/1/24	972576	0	16366400		11/1/24	1285070	0	15978900		11/1/24	855396	0	16249200			11/1/24	353310	0	15047100	
12/1/24	0	0	16003400		12/1/24	0	0	16003400		12/1/24	0	0	16003400			12/1/24	0	0	16003400		12/1/24	0	0	16003400		12/1/24	0	0	16003400		12/1/24	1218630	0	16003400		12/1/24	1322580	0	16003400		12/1/24	935070	0	16003400		12/1/24	1205400	0	16003400			12/1/24	3309.86	0	16003400	
;					;					;						;					;					;					;					;					;					;						;				
																																																								
beneficio	=	54.5247			beneficio	=	50.0621			beneficio	=	45.5994				beneficio	=	41.1367			beneficio	=	36.674			beneficio	=	32.2113			beneficio	=	29.688			beneficio	=	24.0294			beneficio	=	21.3466			beneficio	=	16.1574				beneficio	=	10.0861		
																																																								
					ampl:					ampl:						ampl:					ampl:					ampl:					ampl:					ampl:					ampl:					ampl:										
																																																								
																																																								
																																																								
																																																								
																																																								
																																																								
																																																								
																																																								
																																																								
																																																								
																																																								
																																																								
																																																								
																																																								
																																																								
																																																								
																																																								
																																																								
																																																								
																																																								
																																																								
																																																								
																																																								
																																																								
																																																								
																																																								
																																																								
																																																								
																																																								
DQ=1.000.000 WQ=0 WV=1 					DQ=1.000.000 WQ=0.1 WV=0.9					DQ=1.000.000 WQ=0.2 WV=0.8						DQ=1.000.000 WQ=0.3 WV=0.7						DQ=1.000.000 WQ=0.4 WV=0.6					DQ=1.000.000 WQ=0.5 WV=0.5					DQ=1.000.000 WQ=0.6 WV=0.4					DQ=1.000.000 WQ=0.7 WV=0.3					DQ=1.000.000 WQ=0.8 WV=0.2					DQ=1.000.000 WQ=0.9 WV=0.1						DQ=1.000.000 WQ=1 WV=0			
:	Q	Qe	V	:=	:	Q	Qe	V	:=	:	Q	Qe	V	:=		:	Q	Qe	V	:=		:	Q	Qe	V	:=	:	Q	Qe	V	:=	:	Q	Qe	V	:=	:	Q	Qe	V	:=	:	Q	Qe	V	:=	:	Q	Qe	V	:=		:	Q	Qe	V
1/1/10	5234960	0	85204600		1/1/10	5234960	0	85204600		1/1/10	5234960	0	85204600			1/1/10	5234960	0	85204600			1/1/10	5234960	0	85204600		1/1/10	5234960	0	85204600		1/1/10	5234960	0	85204600		1/1/10	5234960	0	85204600		1/1/10	5234960	0	85204600		1/1/10	5234960	0	85204600			1/1/10	5234960	0	85204600
2/1/10	4761430	0	79777800		2/1/10	6234960	0	78304300		2/1/10	6234960	0	78304300			2/1/10	4234960	0	80304300			2/1/10	4234960	0	80304300		2/1/10	4234960	0	80304300		2/1/10	4761430	0	79777800		2/1/10	4234960	0	80304300		2/1/10	4234960	0	80304300		2/1/10	4234960	0	80304300			2/1/10	6234960	0	78304300
3/1/10	3761430	0	75776500		3/1/10	6279550	0	71784800		3/1/10	5818230	0	72246100			3/1/10	3234960	0	76829400			3/1/10	3234960	0	76829400		3/1/10	4871030	0	75193300		3/1/10	3761430	0	75776500		3/1/10	3234960	0	76829400		3/1/10	3234960	0	76829400		3/1/10	3234960	0	76829400			3/1/10	5818230	0	72246100
4/1/10	4761430	0	7.10E+07		4/1/10	5279550	0	66490200		4/1/10	4818230	0	67412900			4/1/10	2234960	0	74579400			4/1/10	2234960	0	74579400		4/1/10	4178300	0	7.10E+07		4/1/10	4761430	0	7.10E+07		4/1/10	2234960	0	74579400		4/1/10	2234960	0	74579400		4/1/10	2234960	0	74579400			4/1/10	4818230	0	67412900
5/1/10	4178300	0	69811200		5/1/10	4279550	0	65200200		5/1/10	3818230	0	66584100			5/1/10	1234960	0	76333900			5/1/10	3178300	0	74390600		5/1/10	3178300	0	70811200		5/1/10	4178300	0	69811200		5/1/10	1234960	0	76333900		5/1/10	1234960	0	76333900		5/1/10	1234960	0	76333900			5/1/10	3818230	0	66584100
6/1/10	5178300	0	68909000		6/1/10	3279550	0	66196800		6/1/10	2818230	0	68042000			6/1/10	234962	0	80375100			6/1/10	4178300	0	74488400		6/1/10	2178300	0	72909000		6/1/10	5178300	0	68909000		6/1/10	234962	0	80375100		6/1/10	234962	0	80375100		6/1/10	734834	0	79875200			6/1/10	2818230	0	68042000
7/1/10	4424830	0	68142000		7/1/10	2279550	0	67575000		7/1/10	1818230	0	69881600			7/1/10	0	0	84032900			7/1/10	3178300	0	74967900		7/1/10	2.00E+06	0	74566800		7/1/10	4424830	0	68142000		7/1/10	0	0	84032900		7/1/10	0	0	84032900		7/1/10	1734830	0	81798200			7/1/10	1818230	0	69881600
8/1/10	3424830	0	66653800		8/1/10	1279550	0	68232100		8/1/10	818231	0	7.10E+07			8/1/10	178300	0	85791200			8/1/10	3178300	0	73726300		8/1/10	1.00E+06	0	75503500		8/1/10	3424830	0	66653800		8/1/10	0	0	85969500		8/1/10	178300	0	85791200		8/1/10	2734830	0	8.10E+07			8/1/10	818231	0	7.10E+07
9/1/10	2424830	0	66388500		9/1/10	279546	0	70112100		9/1/10	621122	0	72538400			9/1/10	1178300	0	86772500			9/1/10	4178300	0	71707500		9/1/10	0	0	77663000		9/1/10	2424830	0	66388500		9/1/10	0	0	88129100		9/1/10	1178300	0	86772500		9/1/10	3734830	0	79424700			9/1/10	62764.7	0	73096800
10/1/10	1424830	0	65046400		10/1/10	0	0	70194800		10/1/10	1621120	0	7.10E+07			10/1/10	2178300	0	84676900			10/1/10	3178300	0	68611900		10/1/10	0	0	77745700		10/1/10	1424830	0	65046400		10/1/10	0	0	88211800		10/1/10	2178300	0	84676900		10/1/10	4734830	0	74772600			10/1/10	1062760	0	72116700
11/1/10	424828	0	63781000		11/1/10	0	0	69354200		11/1/10	2621120	0	67538300			11/1/10	3178300	0	80658000			11/1/10	2178300	0	65593000		11/1/10	0	0	76905100		11/1/10	424828	0	63781000		11/1/10	0	0	87371200		11/1/10	3178300	0	80658000		11/1/10	5010260	0	68921700			11/1/10	2062760	0	69213400
12/1/10	0	0	62385300		12/1/10	0	0	67958600		12/1/10	3621120	0	62521500			12/1/10	4178300	0	75084100			12/1/10	1812050	0	62385300		12/1/10	0	0	75509500		12/1/10	0	0	62385300		12/1/10	0	0	85975600		12/1/10	4178300	0	75084100		12/1/10	4010260	0	63515800			12/1/10	3062760	0	64755000
1/1/11	0	0	60905700		1/1/11	1.00E+06	0	65479000		1/1/11	4095150	0	56946800			1/1/11	4178300	0	69426200			1/1/11	2812050	0	58093700		1/1/11	0	0	74029900		1/1/11	0	0	60905700		1/1/11	178300	0	84317700		1/1/11	3178300	0	70426200		1/1/11	3010260	0	59026000			1/1/11	4062760	0	59212600
2/1/11	0	0	60054100		2/1/11	2.00E+06	0	62627400		2/1/11	5095150	0	5.10E+07			2/1/11	4267450	0	64307100			2/1/11	2307350	0	54934700		2/1/11	550888	0	72627400		2/1/11	0	0	60054100		2/1/11	1178300	0	82287700		2/1/11	2178300	0	67396200		2/1/11	3178300	0	54996000			2/1/11	5062760	0	53298200
3/1/11	535103	0	58891600		3/1/11	1.00E+06	0	6.10E+07		3/1/11	4717620	0	45655000			3/1/11	5267450	0	58412300			3/1/11	3307350	0	5.10E+07		3/1/11	1.00E+06	0	7.10E+07		3/1/11	535103	0	58891600		3/1/11	2178300	0	79482100		3/1/11	1178300	0	65590600		3/1/11	4178300	0	50190400			3/1/11	6062760	0	46608100
4/1/11	1535100	0	56926800		4/1/11	2.00E+06	0	58570200		4/1/11	5717620	0	39507600			4/1/11	6267450	0	51715000			4/1/11	3178300	0	47391900		4/1/11	0	0	70570200		4/1/11	1535100	0	56926800		4/1/11	3178300	0	75874000		4/1/11	178300	0	64982500		4/1/11	3178300	0	46582300			4/1/11	5178300	0	4.10E+07
5/1/11	2535100	0	54523900		5/1/11	1178300	0	57524100		5/1/11	4717620	0	34922200			5/1/11	5267450	0	46579800			5/1/11	4178300	0	43345800		5/1/11	0	0	70702400		5/1/11	2535100	0	54523900		5/1/11	4178300	0	71827900		5/1/11	178300	0	64936400		5/1/11	2178300	0	44536200			5/1/11	4178300	0	36953900
6/1/11	3535100	0	59464000		6/1/11	2178300	0	63821000		6/1/11	3717620	0	39679800			6/1/11	4267450	0	50787600			6/1/11	4178300	0	47642700		6/1/11	0	0	79177600		6/1/11	3535100	0	59464000		6/1/11	4178300	0	76124800		6/1/11	1178300	0	72233300		6/1/11	2983990	0	50027400			6/1/11	4429130	0	4.10E+07
7/1/11	4535100	0	59510500		7/1/11	3178300	0	65224400		7/1/11	3981380	0	40280100			7/1/11	3267450	0	52101700			7/1/11	4178300	0	48046100		7/1/11	0	0	83759300		7/1/11	4535100	0	59510500		7/1/11	3178300	0	77528100		7/1/11	2178300	0	74636600		7/1/11	3983990	0	50625100			7/1/11	3429130	0	42152500
8/1/11	3535100	0	59676700		8/1/11	4178300	0	64747400		8/1/11	2981380	0	4.10E+07			8/1/11	2267450	0	53535600			8/1/11	5112240	0	46635200		8/1/11	0	0	87460600		8/1/11	3535100	0	59676700		8/1/11	3178300	0	78051200		8/1/11	3178300	0	75159700		8/1/11	4983990	0	49342400			8/1/11	2429130	0	43424700
9/1/11	4535100	0	56502300		9/1/11	5178300	0	60929800		9/1/11	1981380	0	40379300			9/1/11	1267450	0	53628900			9/1/11	4186950	0	43808900		9/1/11	0	0	88821300		9/1/11	4535100	0	56502300		9/1/11	4178300	0	75233600		9/1/11	4178300	0	72342100		9/1/11	3983990	0	46719100			9/1/11	1429130	0	43356300
10/1/11	5535100	0	52457800		10/1/11	4267450	0	58152900		10/1/11	981383	0	40888500			10/1/11	267450	0	54852000			10/1/11	3186950	0	42112500		10/1/11	0	0	90311800		10/1/11	5535100	0	52457800		10/1/11	3178300	0	73545800		10/1/11	3178300	0	70654300		10/1/11	2983990	0	45225700			10/1/11	429129	0	44417700
11/1/11	6535100	0	46615700		11/1/11	5267450	0	53578500		11/1/11	506845	0	41074600			11/1/11	0	0	55545000			11/1/11	2186950	0	40618600		11/1/11	0	0	91004900		11/1/11	6535100	0	46615700		11/1/11	3178300	0	71060500		11/1/11	2178300	0	69169000		11/1/11	2178300	0	43740400			11/1/11	0	0	45110700
12/1/11	7184070	0	39544000		12/1/11	6267450	0	47423400		12/1/11	1506840	0	39680200			12/1/11	0	0	55657400			12/1/11	1186950	0	39544000		12/1/11	0	0	91117300		12/1/11	7184070	0	39544000		12/1/11	4178300	0	66994600		12/1/11	1178300	0	68103100		12/1/11	3178300	0	40674500			12/1/11	0	0	45223100
1/1/12	8184070	0	31061000		1/1/12	6124480	0	4.10E+07		1/1/12	2506840	0	36874400			1/1/12	178300	0	55180200			1/1/12	2186950	0	37058100		1/1/12	0	0	90818300		1/1/12	8184070	0	31061000		1/1/12	3178300	0	63517400		1/1/12	178300	0	67625900		1/1/12	4178300	0	36197300			1/1/12	0	0	44924200
2/1/12	7184070	0	23858000		2/1/12	7124480	0	33856500		2/1/12	3506840	0	33348600			2/1/12	1178300	0	53982900			2/1/12	3186950	0	33852200		2/1/12	0	0	90799400		2/1/12	7184070	0	23858000		2/1/12	2178300	0	61320100		2/1/12	0	0	67606900		2/1/12	5178300	0	3.10E+07			2/1/12	0	0	44905200
3/1/12	6184070	0	17983200		3/1/12	6183710	0	27982200		3/1/12	4506840	0	29151100			3/1/12	2178300	0	52113900			3/1/12	4186950	0	29974600		3/1/12	0	0	91108700		3/1/12	6184070	0	17983200		3/1/12	2178300	0	59451200		3/1/12	0	0	67916300		3/1/12	4675100	0	26634200			3/1/12	0	0	45214500
4/1/12	5184070	0	13086500		4/1/12	5183710	0	23085800		4/1/12	3506840	0	25931600			4/1/12	3178300	0	49223000			4/1/12	5186950	0	25075000		4/1/12	636065	0	90760000		4/1/12	5184070	0	13086500		4/1/12	3178300	0	56560200		4/1/12	267450	0	67936200		4/1/12	3675100	0	23246500			4/1/12	133860	0	45368000
5/1/12	4184070	0	11331100		5/1/12	4183710	0	21330700		5/1/12	3246580	0	25113600			5/1/12	4178300	0	47473300			5/1/12	5178300	0	22325300		5/1/12	1636060	0	91552500		5/1/12	4184070	0	11331100		5/1/12	4178300	0	54810500		5/1/12	1267450	0	69097300		5/1/12	4675100	0	2.10E+07			5/1/12	1133860	0	46662800
6/1/12	3184070	0	1.10E+07		6/1/12	3183710	0	2.10E+07		6/1/12	2246580	0	25720100			6/1/12	3178300	0	47148000			6/1/12	4178300	0	2.10E+07		6/1/12	2636060	0	91769500		6/1/12	3184070	0	1.10E+07		6/1/12	3178300	0	54485200		6/1/12	2267450	0	69682900		6/1/12	5436350	0	18416700			6/1/12	2133860	0	47381900
7/1/12	2965190	0	10901400		7/1/12	2183710	0	21682900		7/1/12	3246580	0	25340100			7/1/12	2178300	0	47836300			7/1/12	3178300	0	20688300		7/1/12	3636060	0	9.10E+07		7/1/12	2965190	0	10901400		7/1/12	4178300	0	53173500		7/1/12	3267450	0	69282000		7/1/12	4436350	0	16846900			7/1/12	3133860	0	47114700
8/1/12	1965190	0	11590300		8/1/12	1183710	0	23153300		8/1/12	4246580	0	23747600			8/1/12	1178300	0	49312100			8/1/12	2178300	0	21164100		8/1/12	4178300	0	89475800		8/1/12	1965190	0	11590300		8/1/12	4178300	0	51649400		8/1/12	4267450	0	67668700		8/1/12	3436350	0	16064700			8/1/12	4133860	0	45634900
9/1/12	965194	0	11124100		9/1/12	183713	0	23468500		9/1/12	3246580	0	2.10E+07			9/1/12	178300	0	49632700			9/1/12	1178300	0	20484800		9/1/12	4232790	0	85742000		9/1/12	965194	0	11124100		9/1/12	3178300	0	48970000		9/1/12	5267450	0	62900200		9/1/12	2436350	0	14127300			9/1/12	5133860	0	4.10E+07
10/1/12	0	0	10894300		10/1/12	0	0	23238800		10/1/12	4246580	0	16523700			10/1/12	1178300	0	48224700			10/1/12	178300	0	20076700		10/1/12	4512220	0	8.10E+07		10/1/12	0	0	10894300		10/1/12	2178300	0	46561900		10/1/12	6267450	0	56403000		10/1/12	1436350	0	12461200			10/1/12	6133860	0	34636400
11/1/12	0	0	10937500		11/1/12	0	0	23281900		11/1/12	3246580	0	13320200			11/1/12	2178300	0	46089500			11/1/12	1178300	0	18941600		11/1/12	5512220	0	75530900		11/1/12	0	0	10937500		11/1/12	3178300	0	43426800		11/1/12	5267450	0	51178700		11/1/12	436351	0	12068000			11/1/12	7133860	0	27545700
12/1/12	0	0	10786200		12/1/12	178300	0	22952300		12/1/12	2246580	0	10922400			12/1/12	3178300	0	42760000			12/1/12	2178300	0	16612000		12/1/12	4512220	0	70867400		12/1/12	0	0	10786200		12/1/12	4178300	0	39097200		12/1/12	6267450	0	44760000		12/1/12	0	0	11916700			12/1/12	6267450	0	21126900
1/1/13	1.00E+06	0	9550050		1/1/13	1178300	0	21537900		1/1/13	1686380	0	8999870			1/1/13	4178300	0	38345500			1/1/13	3178300	0	13197500		1/1/13	3512220	0	67119100		1/1/13	1.00E+06	0	9550050		1/1/13	4178300	0	34682800		1/1/13	5267450	0	39256400		1/1/13	1.00E+06	0	10680500			1/1/13	5974260	0	14916600
2/1/13	1068290	0	8068200		2/1/13	2178300	0	18946000		2/1/13	2686380	0	5899910			2/1/13	4208940	0	33723000			2/1/13	4178300	0	8605670		2/1/13	2512220	0	64193300		2/1/13	1068290	0	8068200		2/1/13	3178300	0	31090900		2/1/13	4267450	0	34575400		2/1/13	0	0	10267000			2/1/13	4974260	0	9528730
3/1/13	2068290	0	5661750		3/1/13	3178300	0	15429600		3/1/13	1686380	0	3875370			3/1/13	5208940	0	28175900			3/1/13	3178300	0	5089200		3/1/13	1512220	0	62342900		3/1/13	2068290	0	5661750		3/1/13	4178300	0	26574500		3/1/13	3267450	0	30969800		3/1/13	0	0	9928810			3/1/13	3974260	0	5216310
4/1/13	3068290	0	2351420		4/1/13	4178300	0	11009200		4/1/13	2175100	0	1458230			4/1/13	4208940	0	23724900			4/1/13	2178300	0	2668860		4/1/13	872390	0	61228400		4/1/13	3068290	0	2351420		4/1/13	4178300	0	22154100		4/1/13	2267450	0	28460300		4/1/13	737012	0	8949750			4/1/13	2974260	0	2.00E+06
5/1/13	4068290	0	1.00E+06		5/1/13	4378570	0	9347520		5/1/13	3175100	0	1.00E+06			5/1/13	3208940	0	23232900			5/1/13	1178300	0	4207420		5/1/13	1872390	0	62072900		5/1/13	4068290	0	1.00E+06		5/1/13	4178300	0	20692700		5/1/13	1267450	0	29909700		5/1/13	1737010	0	9929610			5/1/13	1974260	0	2742610
6/1/13	3332710	0	2.00E+06		6/1/13	5378570	0	8301660		6/1/13	4175100	0	1157620			6/1/13	2208940	0	25356600			6/1/13	178300	0	8361840		6/1/13	2872390	0	63533300		6/1/13	3332710	0	2.00E+06		6/1/13	3178300	0	21847100		6/1/13	1178300	0	33064100		6/1/13	2737010	0	11525300			6/1/13	2.00E+06	0	5075320
7/1/13	2332710	0	2684760		7/1/13	4378570	0	6940560		7/1/13	3175100	0	1.00E+06			7/1/13	1208940	0	27165200			7/1/13	0	0	11379300		7/1/13	3872390	0	62678300		7/1/13	2332710	0	2684760		7/1/13	4178300	0	20686300		7/1/13	2178300	0	33903300		7/1/13	3737010	0	10805800			7/1/13	1.00E+06	0	7092800
8/1/13	3206160	0	2100380		8/1/13	4351680	0	5210660		8/1/13	2621770	0	1.00E+06			8/1/13	208942	0	29578000			8/1/13	0	0	14001100		8/1/13	4872390	0	60427700		8/1/13	3206160	0	2100380		8/1/13	4178300	0	19129700		8/1/13	3178300	0	33346700		8/1/13	4737010	0	8690530			8/1/13	0	0	9714570
9/1/13	2206160	0	1983810		9/1/13	3351680	0	3948580		9/1/13	1655970	0	1433620			9/1/13	0	0	31667600			9/1/13	0	0	16090700		9/1/13	5872390	0	56644900		9/1/13	2206160	0	1983810		9/1/13	3178300	0	18041000		9/1/13	4178300	0	31258000		9/1/13	4178300	0	6601820			9/1/13	0	0	11804200
10/1/13	1206160	0	1.00E+06		10/1/13	2351680	0	1819250		10/1/13	655970	0	1.00E+06			10/1/13	0	0	31889900			10/1/13	0	0	16313000		10/1/13	4872390	0	51994900		10/1/13	1206160	0	1.00E+06		10/1/13	2178300	0	16085100		10/1/13	4178300	0	27302100		10/1/13	3178300	0	3645870			10/1/13	910610	0	11115900
11/1/13	532425	0	1.00E+06		11/1/13	1351680	0	1.00E+06		11/1/13	532425	0	1.00E+06			11/1/13	0	0	32422400			11/1/13	0	0	16845500		11/1/13	4178300	0	48349000		11/1/13	532425	0	1.00E+06		11/1/13	1178300	0	15439200		11/1/13	3178300	0	24656200		11/1/13	2178300	0	2.00E+06			11/1/13	0	0	11648300
12/1/13	351675	0	1.00E+06		12/1/13	351675	0	1.00E+06		12/1/13	351675	0	1.00E+06			12/1/13	0	0	32774000			12/1/13	0	0	17197100		12/1/13	3178300	0	45522400		12/1/13	351675	0	1.00E+06		12/1/13	1307880	0	14483000		12/1/13	2178300	0	22829600		12/1/13	1178300	0	1173380			12/1/13	1.00E+06	0	1.10E+07
1/1/14	216856	0	1.00E+06		1/1/14	216856	0	1.00E+06		1/1/14	216856	0	1.00E+06			1/1/14	333333	0	32657600			1/1/14	0	0	17414000		1/1/14	2178300	0	43560900		1/1/14	216856	0	1.00E+06		1/1/14	2307880	0	12392000		1/1/14	3.00E+06	0	20046400		1/1/14	178300	0	1211930			1/1/14	0	0	11216900
2/1/14	0	0	1138740		2/1/14	0	0	1138740		2/1/14	0	0	1138740			2/1/14	1333330	0	31463000			2/1/14	0	0	17552700		2/1/14	1178300	0	42521400		2/1/14	0	0	1138740		2/1/14	3307880	0	9222820		2/1/14	2.00E+06	0	18185200		2/1/14	0	0	1350670			2/1/14	0	0	11355600
3/1/14	0	0	1384260		3/1/14	205530	0	1178730		3/1/14	0	0	1384260			3/1/14	2333330	0	29375100			3/1/14	0	0	17798200		3/1/14	655033	0	42111900		3/1/14	0	0	1384260		3/1/14	4307880	0	5160450		3/1/14	1.00E+06	0	17430700		3/1/14	0	0	1596190			3/1/14	180528	0	11420600
4/1/14	1.00E+06	0	1483630		4/1/14	1205530	0	1072570		4/1/14	875592	0	1608040			4/1/14	3333330	0	27141200			4/1/14	178300	0	18719300		4/1/14	1655030	0	41556200		4/1/14	1.00E+06	0	1483630		4/1/14	4178300	0	2081520		4/1/14	0	0	18530100		4/1/14	0	0	2695560			4/1/14	1180530	0	11339400
5/1/14	0	0	3616590		5/1/14	2205530	0	1.00E+06		5/1/14	1875590	0	1865410			5/1/14	4333330	0	24940800			5/1/14	1178300	0	19674000		5/1/14	2655030	0	41034100		5/1/14	0	0	3616590		5/1/14	3178300	0	1036180		5/1/14	0	0	20663000		5/1/14	0	0	4828520			5/1/14	2180530	0	11291900
6/1/14	0	0	5758710		6/1/14	1400430	0	1741690		6/1/14	2875590	0	1131930			6/1/14	5333330	0	21749600			6/1/14	2178300	0	19637800		6/1/14	3655030	0	39521200		6/1/14	0	0	5758710		6/1/14	2178300	0	1.00E+06		6/1/14	0	0	22805100		6/1/14	0	0	6970640			6/1/14	3180530	0	10253500
7/1/14	0	0	8953340		7/1/14	400433	0	4535890		7/1/14	2.00E+06	0	2326570			7/1/14	6333330	0	18610900			7/1/14	3178300	0	19654100		7/1/14	4655030	0	38060800		7/1/14	0	0	8953340		7/1/14	1178300	0	3016330		7/1/14	0	0	25999800		7/1/14	0	0	10165300			7/1/14	4180530	0	9267560
8/1/14	0	0	10426200		8/1/14	0	0	6008700		8/1/14	1.00E+06	0	2799380			8/1/14	5333330	0	14750400			8/1/14	4178300	0	16948600		8/1/14	5655030	0	33878600		8/1/14	0	0	10426200		8/1/14	178300	0	4310840		8/1/14	0	0	27472600		8/1/14	638083	0	1.10E+07			8/1/14	3180530	0	7559840
9/1/14	0	0	11684700		9/1/14	0	0	7267230		9/1/14	0	0	4057910			9/1/14	4333330	0	11675600			9/1/14	4178300	0	14028900		9/1/14	5178300	0	29958800		9/1/14	0	0	11684700		9/1/14	0	0	5569380		9/1/14	978646	0	27752500		9/1/14	1638080	0	10620500			9/1/14	2180530	0	6637840
10/1/14	0	0	11907000		10/1/14	0	0	7489580		10/1/14	0	0	4280260			10/1/14	3333330	0	8564590			10/1/14	4186840	0	10064400		10/1/14	4178300	0	26002900		10/1/14	0	0	11907000		10/1/14	0	0	5791730		10/1/14	1978650	0	25996200		10/1/14	2114550	0	8728250			10/1/14	1180530	0	5679670
11/1/14	1.00E+06	0	10964300		11/1/14	0	0	7546870		11/1/14	0	0	4337550			11/1/14	2333330	0	6288550			11/1/14	3186840	0	6934820		11/1/14	4178300	0	21881900		11/1/14	1.00E+06	0	10964300		11/1/14	0	0	5849020		11/1/14	2978650	0	23074800		11/1/14	1114550	0	7670980			11/1/14	180528	0	5556430
12/1/14	2.00E+06	0	8910170		12/1/14	0	0	7492720		12/1/14	0	0	4283400			12/1/14	1333330	0	4901060			12/1/14	2186840	0	4693820		12/1/14	4178300	0	17649400		12/1/14	2.00E+06	0	8910170		12/1/14	0	0	5794860		12/1/14	3178300	0	19842400		12/1/14	2114550	0	5502270			12/1/14	0	0	5502270
1/1/15	2200900	0	6596750		1/1/15	0	0	7380200		1/1/15	0	0	4170880			1/1/15	333333	0	4455200			1/1/15	1186840	0	3394450		1/1/15	4178300	0	13358600		1/1/15	2200900	0	6596750		1/1/15	0	0	5682340		1/1/15	2178300	0	17551500		1/1/15	1114550	0	4275200			1/1/15	0	0	5389750
2/1/15	1200900	0	5240250		2/1/15	0	0	7224600		2/1/15	0	0	4015280			2/1/15	0	0	4299610			2/1/15	186845	0	3052020		2/1/15	3178300	0	10024700		2/1/15	1200900	0	5240250		2/1/15	0	0	5526750		2/1/15	3178300	0	14217600		2/1/15	114555	0	4005050			2/1/15	0	0	5234160
3/1/15	200903	0	6172800		3/1/15	579691	0	7778370		3/1/15	0	0	5148740			3/1/15	0	0	5433070			3/1/15	0	0	4185470		3/1/15	4178300	0	6979850		3/1/15	200903	0	6172800		3/1/15	240120	0	6420090		3/1/15	4178300	0	11172800		3/1/15	0	0	5138510			3/1/15	0	0	6367620
4/1/15	1178300	0	5632610		4/1/15	1579690	0	6836780		4/1/15	922284	0	4864560			4/1/15	993366	0	5077810			4/1/15	681467	0	4142110		4/1/15	3178300	0	4439660		4/1/15	1178300	0	5632610		4/1/15	1240120	0	5818070		4/1/15	4178300	0	7632610		4/1/15	669725	0	5106890			4/1/15	806200	0	6199520
5/1/15	2178300	0	4332460		5/1/15	2579690	0	5135240		5/1/15	1922280	0	3820430			5/1/15	1993370	0	3962590			5/1/15	1681470	0	3338790		5/1/15	2178300	0	3139500		5/1/15	2178300	0	4332460		5/1/15	2240120	0	4456100		5/1/15	4178300	0	4332460		5/1/15	1669730	0	4315310			5/1/15	1806200	0	5271470
6/1/15	3178300	0	2307410		6/1/15	3579690	0	2708800		6/1/15	2922280	0	2051400			6/1/15	2993370	0	2122480			6/1/15	2681470	0	1810580		6/1/15	1178300	0	3114460		6/1/15	3178300	0	2307410		6/1/15	3240120	0	2369230		6/1/15	3178300	0	2307410		6/1/15	2669730	0	2798840			6/1/15	2806200	0	3618520
7/1/15	4178300	0	1.00E+06		7/1/15	4579690	0	1.00E+06		7/1/15	3922280	0	1.00E+06			7/1/15	3993370	0	1.00E+06			7/1/15	3681470	0	1.00E+06		7/1/15	2178300	0	3807050		7/1/15	4178300	0	1.00E+06		7/1/15	4240120	0	1.00E+06		7/1/15	4178300	0	1.00E+06		7/1/15	3669730	0	2.00E+06			7/1/15	3806200	0	2683210
8/1/15	5178300	0	3020660		8/1/15	5579690	0	2619270		8/1/15	4922280	0	3276680			8/1/15	4993370	0	3205590			8/1/15	4681470	0	3517490		8/1/15	3178300	0	7827710		8/1/15	5178300	0	3020660		8/1/15	5240120	0	2958840		8/1/15	4891050	0	3307910		8/1/15	4578460	0	4620500			8/1/15	4806200	0	5075970
9/1/15	4626450	0	3956080		9/1/15	6579690	0	1601450		9/1/15	5922280	0	2916260			9/1/15	5993370	0	2774100			9/1/15	5681470	0	3397900		9/1/15	4178300	0	9211280		9/1/15	4626450	0	3956080		9/1/15	6238220	0	2282490		9/1/15	3891050	0	4978720		9/1/15	5578460	0	4603910			9/1/15	5806200	0	4831640
10/1/15	5626450	0	4672160		10/1/15	5980720	0	1963250		10/1/15	6922280	0	2336510			10/1/15	6993370	0	2123260			10/1/15	4681470	0	5058960		10/1/15	3178300	0	12375500		10/1/15	5626450	0	4672160		10/1/15	5238220	0	3386790		10/1/15	2891050	0	8430200		10/1/15	6578460	0	4367970			10/1/15	6806200	0	4367970
11/1/15	4626450	0	6902550		11/1/15	4980720	0	3839370		11/1/15	6772010	0	2421330			11/1/15	6178300	0	2801800			11/1/15	3681470	0	8234320		11/1/15	4178300	0	15054000		11/1/15	4626450	0	6902550		11/1/15	4238220	0	6005410		11/1/15	1891050	0	13396000		11/1/15	7178300	0	4046500			11/1/15	7178300	0	4046500
12/1/15	5626450	0	8489170		12/1/15	3980720	0	7071710		12/1/15	5772010	0	3862390			12/1/15	5178300	0	4836560			12/1/15	2681470	0	12765900		12/1/15	5038700	0	17228400		12/1/15	5626450	0	8489170		12/1/15	3238220	0	9980250		12/1/15	1187680	0	19421400		12/1/15	6178300	0	5081270			12/1/15	6178300	0	5081270
1/1/16	5643400	0	6612090		1/1/16	2980720	0	7857320		1/1/16	4772010	0	2856710			1/1/16	4178300	0	4424590			1/1/16	1681470	0	14850800		1/1/16	4038700	0	16956000		1/1/16	5643400	0	6612090		1/1/16	2238220	0	11508400		1/1/16	2187680	0	2.10E+07		1/1/16	5178300	0	3669300			1/1/16	5178300	0	3669300
2/1/16	4643400	0	4416790		2/1/16	2178300	0	8127110		2/1/16	3772010	0	1532800			2/1/16	3178300	0	3694380			2/1/16	681467	0	16617400		2/1/16	3178300	0	16225800		2/1/16	4643400	0	4416790		2/1/16	1238220	0	12718200		2/1/16	1187680	0	22260400		2/1/16	4178300	0	1939090			2/1/16	4178300	0	1939090
3/1/16	3643400	0	3012600		3/1/16	3178300	0	7188020		3/1/16	2772010	0	1.00E+06			3/1/16	4178300	0	1755290			3/1/16	302874	0	18553700		3/1/16	4178300	0	14286700		3/1/16	3643400	0	3012600		3/1/16	238222	0	14719200		3/1/16	2187680	0	22311900		3/1/16	3178300	0	1.00E+06			3/1/16	3178300	0	1.00E+06
4/1/16	2643400	0	4118330		4/1/16	4178300	0	6758850		4/1/16	3749130	0	1.00E+06			4/1/16	4178300	0	1326120			4/1/16	1302870	0	2.10E+07		4/1/16	4178300	0	13857600		4/1/16	2643400	0	4118330		4/1/16	1178300	0	17290000		4/1/16	3187680	0	22873400		4/1/16	2178300	0	2570830			4/1/16	2178300	0	2570830
5/1/16	2178300	0	7223820		5/1/16	4178300	0	7864340		5/1/16	4749130	0	1534670			5/1/16	4178300	0	2431610			5/1/16	2302870	0	23980900		5/1/16	4178300	0	14963100		5/1/16	2178300	0	7223820		5/1/16	2178300	0	20395500		5/1/16	4187680	0	23969500		5/1/16	1178300	0	6676320			5/1/16	1178300	0	6676320
6/1/16	3178300	0	11242800		6/1/16	4178300	0	10883300		6/1/16	5026530	0	3705380			6/1/16	4178300	0	5450560			6/1/16	3302870	0	27875300		6/1/16	3178300	0	18982000		6/1/16	3178300	0	11242800		6/1/16	3178300	0	24414500		6/1/16	3870550	0	27296200		6/1/16	472283	0	13401300			6/1/16	1884990	0	11988600
7/1/16	2178300	0	15361200		7/1/16	4178300	0	13001700		7/1/16	4026530	0	5975560			7/1/16	4178300	0	7568970			7/1/16	4302870	0	29869100		7/1/16	2178300	0	23100400		7/1/16	2178300	0	15361200		7/1/16	4178300	0	26532900		7/1/16	2870550	0	30722300		7/1/16	1472280	0	18225700			7/1/16	2884990	0	15400300
8/1/16	3178300	0	17826600		8/1/16	4178300	0	14467100		8/1/16	3026530	0	8592760			8/1/16	4178300	0	9034410			8/1/16	5302870	0	30210000		8/1/16	2178300	0	26565800		8/1/16	3178300	0	17826600		8/1/16	3326170	0	28850500		8/1/16	3870550	0	32495500		8/1/16	2472280	0	21397200			8/1/16	3884990	0	17159100
9/1/16	4178300	0	18812100		9/1/16	4192790	0	15438100		9/1/16	2026530	0	11730000			9/1/16	3178300	0	11019900			9/1/16	6302870	0	29070900		9/1/16	3178300	0	28551300		9/1/16	4178300	0	18812100		9/1/16	4326170	0	29688100		9/1/16	4870550	0	32788800		9/1/16	3472280	0	23088700			9/1/16	4884990	0	17437900
10/1/16	3178300	0	22480900		10/1/16	3192790	0	19092500		10/1/16	1026530	0	17550600			10/1/16	2465100	0	15401900			10/1/16	5838980	0	30079000		10/1/16	4178300	0	31220200		10/1/16	3178300	0	22480900		10/1/16	5326170	0	31209000		10/1/16	3870550	0	35765300		10/1/16	4472280	0	25463500			10/1/16	4178300	0	20106700
11/1/16	2178300	0	29891700		11/1/16	2192790	0	26488700		11/1/16	2026530	0	25113100			11/1/16	1465100	0	23525900			11/1/16	4838980	0	34829100		11/1/16	3178300	0	37630900		11/1/16	2178300	0	29891700		11/1/16	6326170	0	34471900		11/1/16	4354420	0	4.10E+07		11/1/16	5472280	0	29580300			11/1/16	3178300	0	26517500
12/1/16	3178300	0	36723200		12/1/16	1192790	0	35305800		12/1/16	3026530	0	32096500			12/1/16	465100	0	33070600			12/1/16	3838980	0	4.10E+07		12/1/16	2178300	0	45462500		12/1/16	3178300	0	36723200		12/1/16	6267450	0	38214300		12/1/16	3354420	0	47655400		12/1/16	6267450	0	33322700			12/1/16	2178300	0	34349000
1/1/17	4178300	0	39548500		1/1/17	1309340	0	4.10E+07		1/1/17	3910850	0	35189200			1/1/17	1160850	0	38913300			1/1/17	2838980	0	45164600		1/1/17	1178300	0	51287700		1/1/17	4178300	0	39548500		1/1/17	5267450	0	39950400		1/1/17	2604630	0	52054400		1/1/17	7186040	0	33140200			1/1/17	1178300	0	40174300
2/1/17	5178300	0	38416000		2/1/17	309342	0	44736500		2/1/17	4910850	0	34324200			2/1/17	160850	0	42798300			2/1/17	1838980	0	47371400		2/1/17	2178300	0	53155300		2/1/17	5178300	0	38416000		2/1/17	6267450	0	37728800		2/1/17	3604630	0	52495600		2/1/17	6186040	0	3.10E+07			2/1/17	347427	0	43872700
3/1/17	6178300	0	35326400		3/1/17	0	0	47825100		3/1/17	5910850	0	31502000			3/1/17	1160850	0	44726100			3/1/17	838983	0	49621100		3/1/17	3178300	0	53065600		3/1/17	6178300	0	35326400		3/1/17	5267450	0	35550000		3/1/17	2604630	0	52979600		3/1/17	5186040	0	28902600			3/1/17	1347430	0	45613900
4/1/17	6267450	0	32645700		4/1/17	267450	0	51144500		4/1/17	4910850	0	30177900			4/1/17	2160850	0	46152100			4/1/17	178300	0	53029600		4/1/17	4178300	0	52474100		4/1/17	6267450	0	32645700		4/1/17	6267450	0	32869400		4/1/17	3604630	0	52961700		4/1/17	4186040	0	28303400			4/1/17	2347430	0	46853300
5/1/17	5267450	0	50930500		5/1/17	1267450	0	73429200		5/1/17	3910850	0	49819200			5/1/17	3160850	0	66543400			5/1/17	1178300	0	75403500		5/1/17	3178300	0	72848000		5/1/17	5267450	0	50930500		5/1/17	5321700	0	51099800		5/1/17	4604630	0	71909300		5/1/17	3186040	0	48669500			5/1/17	3347430	0	67058000
6/1/17	4267450	0	59932000		6/1/17	2267450	0	84430800		6/1/17	2910850	0	60177400			6/1/17	4160850	0	75651600			6/1/17	2178300	0	86494200		6/1/17	3178300	0	82938700		6/1/17	4267450	0	59932000		6/1/17	4321700	0	60047100		6/1/17	4178300	0	8.10E+07		6/1/17	3178300	0	58760200			6/1/17	4347430	0	75979600
7/1/17	3665690	0	66103000		7/1/17	3267450	0	9.10E+07		7/1/17	1910850	0	68103200			7/1/17	5160850	0	80327400			7/1/17	3178300	0	93152500		7/1/17	4178300	0	88597100		7/1/17	3665690	0	66103000		7/1/17	3321700	0	66562100		7/1/17	3178300	0	87658400		7/1/17	4178300	0	64418600			7/1/17	5347430	0	80468800
8/1/17	2665690	0	71455500		8/1/17	4267450	0	94750700		8/1/17	910850	0	75210500			8/1/17	4160850	0	84184700			8/1/17	4178300	0	96992400		8/1/17	3178300	0	93437000		8/1/17	2665690	0	71455500		8/1/17	2321700	0	72258600		8/1/17	3178300	0	92498300		8/1/17	3178300	0	69258500			8/1/17	6347430	0	82139600
9/1/17	1665690	0	76166000		9/1/17	5267450	0	95859500		9/1/17	1178300	0	80408400			9/1/17	4178300	0	86382600			9/1/17	4267450	0	99101100		9/1/17	2393400	0	97419700		9/1/17	1665690	0	76166000		9/1/17	1321700	0	77313100		9/1/17	4178300	0	94696100		9/1/17	2178300	0	73456300			9/1/17	5347430	0	83168300
10/1/17	665688	0	80985200		10/1/17	6267450	0	95076900		10/1/17	2178300	0	83715100			10/1/17	5178300	0	86689200			10/1/17	5267450	0	99318600		10/1/17	3393400	0	99511300		10/1/17	665688	0	80985200		10/1/17	321700	0	82476300		10/1/17	3178300	0	97002800		10/1/17	1178300	0	77763000			10/1/17	4347430	0	84305800
11/1/17	0	0	85551000		11/1/17	5387360	0	94255400		11/1/17	3178300	0	85102500			11/1/17	4178300	0	87076700			11/1/17	6267450	0	97617000		11/1/17	4393400	0	99683600		11/1/17	0	0	85551000		11/1/17	0	0	87042100		11/1/17	2178300	0	99390300		11/1/17	178300	0	82150500			11/1/17	3347430	0	85524200
12/1/17	0	0	88779500		12/1/17	6267450	0	91216400		12/1/17	4178300	0	84152700			12/1/17	5178300	0	85126900			12/1/17	6267450	0	94578000		12/1/17	5393400	0	97518700		12/1/17	0	0	88779500		12/1/17	0	0	90270600		12/1/17	2907050	0	99711700		12/1/17	0	0	85378900			12/1/17	2347430	0	86405200
1/1/18	187975	0	90771600		1/1/18	5267450	0	88129000		1/1/18	5178300	0	81154500			1/1/18	4178300	0	83128600			1/1/18	5267450	0	91490600		1/1/18	6393400	0	93305400		1/1/18	187975	0	90771600		1/1/18	750144	0	91700500		1/1/18	3907050	0	97984700		1/1/18	1.00E+06	0	86559000			1/1/18	1347430	0	87237900
2/1/18	1187980	0	90633300		2/1/18	4267450	0	84911200		2/1/18	6178300	0	76025800			2/1/18	3178300	0	8.10E+07			2/1/18	4856060	0	87684200		2/1/18	6721870	0	87633200		2/1/18	1187980	0	90633300		2/1/18	1750140	0	9.10E+07		2/1/18	4178300	0	94856000		2/1/18	0	0	87608700			2/1/18	347427	0	87940100
3/1/18	2187980	0	89871000		3/1/18	3267450	0	83069500		3/1/18	6451570	0	7.10E+07			3/1/18	2178300	0	80247400			3/1/18	3856060	0	85253900		3/1/18	5721870	0	83337000		3/1/18	2187980	0	89871000		3/1/18	2750140	0	89675600		3/1/18	4795680	0	91486100		3/1/18	980683	0	88053700			3/1/18	0	0	89365900
4/1/18	3187980	0	89067900		4/1/18	4267450	0	81186900		4/1/18	5451570	0	67933200			4/1/18	1178300	0	81454000			4/1/18	2856060	0	84782600		4/1/18	4721870	0	8.10E+07		4/1/18	3187980	0	89067900		4/1/18	3750140	0	88310300		4/1/18	3795680	0	90075200		4/1/18	1980680	0	88457900			4/1/18	256127	0	91494500
5/1/18	4178300	0	88610000		5/1/18	5267450	0	79639900		5/1/18	4451570	0	67202100			5/1/18	178300	0	84996100			5/1/18	1856060	0	86647000		5/1/18	3721870	0	80998600		5/1/18	4178300	0	88610000		5/1/18	4750140	0	87280600		5/1/18	2795680	0	9.10E+07		5/1/18	1178300	0	9.10E+07			5/1/18	1256130	0	93958900
6/1/18	5178300	0	88640700		6/1/18	4412630	0	80436300		6/1/18	3451570	0	68959600			6/1/18	0	0	90205100			6/1/18	856061	0	9.10E+07		6/1/18	2721870	0	83485700		6/1/18	5178300	0	88640700		6/1/18	5750140	0	86739500		6/1/18	1795680	0	94413400		6/1/18	178300	0	96030700			6/1/18	2256130	0	96911800
7/1/18	6178300	0	85966000		7/1/18	3412630	0	80527100		7/1/18	2451570	0	70011500			7/1/18	0	0	93708700			7/1/18	0	0	94503500		7/1/18	1721870	0	85267400		7/1/18	6178300	0	85966000		7/1/18	5285630	0	84957300		7/1/18	795684	0	97121200		7/1/18	1178300	0	98355900			7/1/18	3256130	0	97159200
8/1/18	5178300	0	83107800		8/1/18	2412630	0	80434600		8/1/18	1451570	0	70880100			8/1/18	0	0	96028800			8/1/18	0	0	96823600		8/1/18	721869	0	86865600		8/1/18	5178300	0	83107800		8/1/18	4285630	0	82991800		8/1/18	178300	0	99263000		8/1/18	2178300	0	98497800			8/1/18	4256130	0	95223200
9/1/18	4178300	0	80223300		9/1/18	1412630	0	80315800		9/1/18	451572	0	71722300			9/1/18	0	0	97322600			9/1/18	0	0	98117400		9/1/18	0	0	88159400		9/1/18	4178300	0	80223300		9/1/18	3285630	0	8.10E+07		9/1/18	1178300	0	99378500		9/1/18	3178300	0	96613300			9/1/18	5256130	0	91260800
10/1/18	3178300	0	77733400		10/1/18	1004070	0	80000100		10/1/18	494132	0	71916600			10/1/18	0	0	98011000			10/1/18	0	0	98805800		10/1/18	0	0	88847800		10/1/18	3178300	0	77733400		10/1/18	2285630	0	79402700		10/1/18	2178300	0	97888600		10/1/18	4178300	0	93123400			10/1/18	6256130	0	85693100
11/1/18	2178300	0	75762200		11/1/18	2004070	0	78203200		11/1/18	1494130	0	70629600			11/1/18	0	0	98218100			11/1/18	285935	0	98727000		11/1/18	178300	0	88876700		11/1/18	2178300	0	75762200		11/1/18	2178300	0	77431600		11/1/18	3178300	0	94917400		11/1/18	5178300	0	88152200			11/1/18	7256130	0	78644100
12/1/18	3.00E+06	0	72769600		12/1/18	3004070	0	75206500		12/1/18	2494130	0	68142800			12/1/18	0	0	98225500			12/1/18	1285930	0	97448500		12/1/18	1178300	0	87705800		12/1/18	3.00E+06	0	72769600		12/1/18	3178300	0	74260700		12/1/18	4178300	0	90746500		12/1/18	6178300	0	81981300			12/1/18	8256130	0	70395400
1/1/19	2.00E+06	0	70567200		1/1/19	4004070	0	7.10E+07		1/1/19	3494130	0	64446300			1/1/19	0	0	98023100			1/1/19	2285930	0	94960100		1/1/19	2178300	0	85325000		1/1/19	2.00E+06	0	70567200		1/1/19	4178300	0	69880000		1/1/19	3267450	0	87276600		1/1/19	5178300	0	76600600			1/1/19	8424630	0	61768300
2/1/19	3.00E+06	0	67343100		2/1/19	5004070	0	65771800		2/1/19	4494130	0	59728000			2/1/19	178300	0	97620700			2/1/19	3285930	0	91450100		2/1/19	3178300	0	81922600		2/1/19	3.00E+06	0	67343100		2/1/19	3178300	0	66477600		2/1/19	4267450	0	82785100		2/1/19	4178300	0	72198200			2/1/19	7424630	0	54119600
3/1/19	4.00E+06	0	63519000		3/1/19	4178300	0	61769500		3/1/19	4910710	0	54993300			3/1/19	1178300	0	96618300			3/1/19	4285930	0	87340100		3/1/19	4178300	0	77920300		3/1/19	4.00E+06	0	63519000		3/1/19	4178300	0	62475200		3/1/19	5267450	0	77693600		3/1/19	4178300	0	68195800			3/1/19	6424630	0	47870900
4/1/19	5.00E+06	0	58988200		4/1/19	5178300	0	57060300		4/1/19	5910710	0	49551700			4/1/19	2178300	0	94909200			4/1/19	5285930	0	82523300		4/1/19	4178300	0	74211100		4/1/19	5.00E+06	0	58988200		4/1/19	4178300	0	58766100		4/1/19	6267450	0	71895300		4/1/19	3178300	0	65486700			4/1/19	5424630	0	42915400
5/1/19	6.00E+06	0	55812400		5/1/19	4178300	0	55706300		5/1/19	4910710	0	47465200			5/1/19	3178300	0	94555100			5/1/19	4285930	0	81061600		5/1/19	3178300	0	73857100		5/1/19	6.00E+06	0	55812400		5/1/19	3178300	0	58412000		5/1/19	5267450	0	69452100		5/1/19	2178300	0	66132600			5/1/19	4424630	0	41315000
6/1/19	5.00E+06	0	53922000		6/1/19	4178300	0	54637600		6/1/19	3910710	0	46664200			6/1/19	4178300	0	93486400			6/1/19	3363160	0	80808100		6/1/19	4178300	0	72788400		6/1/19	5.00E+06	0	53922000		6/1/19	4178300	0	57343300		6/1/19	4267450	0	68294300		6/1/19	1178300	0	68063900			6/1/19	3424630	0	4.10E+07
7/1/19	5.00E+06	0	51477100		7/1/19	3178300	0	54014400		7/1/19	2910710	0	46308500			7/1/19	4178300	0	91863200			7/1/19	2363160	0	8.10E+07		7/1/19	3178300	0	72165200		7/1/19	5.00E+06	0	51477100		7/1/19	3178300	0	56720100		7/1/19	3267450	0	67581900		7/1/19	471328	0	70147700			7/1/19	2424630	0	41130400
8/1/19	4.00E+06	0	49099600		8/1/19	2178300	0	53458600		8/1/19	1910710	0	46020300			8/1/19	4245310	0	89240400			8/1/19	1363160	0	81259300		8/1/19	2178300	0	71609400		8/1/19	4.00E+06	0	49099600		8/1/19	2178300	0	56164300		8/1/19	2267450	0	66936900		8/1/19	1471330	0	70298800			8/1/19	1424630	0	41328300
9/1/19	3.00E+06	0	46996600		9/1/19	1178300	0	53177200		9/1/19	910708	0	46006600			9/1/19	3245310	0	86892000			9/1/19	363164	0	81793100		9/1/19	1178300	0	71328000		9/1/19	3.00E+06	0	46996600		9/1/19	1178300	0	55882900		9/1/19	1267450	0	66566400		9/1/19	2471330	0	68724500			9/1/19	424633	0	41800600
10/1/19	2.00E+06	0	45100900		10/1/19	1178300	0	52103300		10/1/19	1212260	0	44898700			10/1/19	2245310	0	84751100			10/1/19	0	0	81897500		10/1/19	2178300	0	69254100		10/1/19	2.00E+06	0	45100900		10/1/19	2178300	0	53809000		10/1/19	267450	0	66403400		10/1/19	3471330	0	65357500			10/1/19	0	0	41905000
11/1/19	1.00E+06	0	43747200		11/1/19	2178300	0	49571300		11/1/19	2212260	0	42332700			11/1/19	1245310	0	83152100			11/1/19	0	0	81543800		11/1/19	3178300	0	65722100		11/1/19	1.00E+06	0	43747200		11/1/19	3178300	0	50277000		11/1/19	0	0	66049600		11/1/19	4471330	0	60532500			11/1/19	0	0	41551300
12/1/19	0	0	43203400		12/1/19	3178300	0	45849200		12/1/19	3212260	0	38576700			12/1/19	245310	0	82363000			12/1/19	0	0	8.10E+07		12/1/19	4178300	0	6.10E+07		12/1/19	0	0	43203400		12/1/19	4178300	0	45554900		12/1/19	0	0	65505900		12/1/19	5471330	0	54517400			12/1/19	178300	0	40829200
1/1/20	1.00E+06	0	41532500		1/1/20	4178300	0	4.10E+07		1/1/20	4212260	0	33693500			1/1/20	0	0	81692100			1/1/20	0	0	80329100		1/1/20	3245950	0	57083100		1/1/20	1.00E+06	0	41532500		1/1/20	4267450	0	40616600		1/1/20	178300	0	64656700		1/1/20	6267450	0	47579000			1/1/20	1178300	0	38980000
2/1/20	2.00E+06	0	38840500		2/1/20	5178300	0	35129600		2/1/20	5212260	0	27789200			2/1/20	0	0	8.10E+07			2/1/20	94096.3	0	79542900		2/1/20	2245950	0	54145100		2/1/20	2.00E+06	0	38840500		2/1/20	5267450	0	34657000		2/1/20	1178300	0	62786300		2/1/20	6.00E+06	0	40886900			2/1/20	2178300	0	36109600
3/1/20	2976770	0	35286800		3/1/20	5046040	0	29506700		3/1/20	6212260	0	2.10E+07			3/1/20	0	0	80423100			3/1/20	1094100	0	77871900		3/1/20	1245950	0	52322300		3/1/20	2976770	0	35286800		3/1/20	6267450	0	27812700		3/1/20	2178300	0	60031100		3/1/20	5.00E+06	0	35310000			3/1/20	3178300	0	32354400
4/1/20	3976770	0	3.10E+07		4/1/20	6046040	0	23150600		4/1/20	5271910	0	15418100			4/1/20	0	0	80113100			4/1/20	94096.3	0	77467800		4/1/20	245951	0	51766300		4/1/20	3976770	0	3.10E+07		4/1/20	6267450	0	21235200		4/1/20	3178300	0	56542800		4/1/20	4.00E+06	0	3.10E+07			4/1/20	4178300	0	27866100
5/1/20	3581140	0	27014900		5/1/20	5046040	0	17700600		5/1/20	4271910	0	10742200			5/1/20	0	0	79709100			5/1/20	0	0	77063800		5/1/20	0	0	51362300		5/1/20	3581140	0	27014900		5/1/20	5267450	0	15563800		5/1/20	4178300	0	51960500		5/1/20	3.00E+06	0	27596000			5/1/20	5009240	0	22452900
6/1/20	4178300	0	24416500		6/1/20	4046040	0	15234400		6/1/20	3271910	0	9050150			6/1/20	0	0	81289000			6/1/20	0	0	78643700		6/1/20	0	0	52942200		6/1/20	4178300	0	24416500		6/1/20	4267450	0	12876200		6/1/20	4178300	0	49362000		6/1/20	2.00E+06	0	27175900			6/1/20	4009240	0	20023500
7/1/20	5178300	0	2.10E+07		7/1/20	4.00E+06	0	12996300		7/1/20	2271910	0	8540090			7/1/20	178300	0	82872500			7/1/20	0	0	80405500		7/1/20	0	0	54704000		7/1/20	5178300	0	2.10E+07		7/1/20	3267450	0	11370600		7/1/20	4178300	0	46945600		7/1/20	1.00E+06	0	27937700			7/1/20	3178300	0	18607000
8/1/20	4178300	0	17416200		8/1/20	3.00E+06	0	10590700		8/1/20	1271910	0	7862650			8/1/20	1178300	0	82288700			8/1/20	0	0	8.10E+07		8/1/20	0	0	55298500		8/1/20	4178300	0	17416200		8/1/20	2267450	0	9697620		8/1/20	3178300	0	44361800		8/1/20	0	0	28532200			8/1/20	4178300	0	15023200
9/1/20	3178300	0	14381100		9/1/20	2.00E+06	0	8733960		9/1/20	271906	0	7733960			9/1/20	2178300	0	80253600			9/1/20	0	0	81143200		9/1/20	0	0	55441700		9/1/20	3178300	0	14381100		9/1/20	1267450	0	8573390		9/1/20	4178300	0	40326700		9/1/20	0	0	28675400			9/1/20	3178300	0	11988100
10/1/20	2178300	0	12053300		10/1/20	1.00E+06	0	7584490		10/1/20	0	0	7584490			10/1/20	3178300	0	76925800			10/1/20	0	0	80993800		10/1/20	0	0	55292200		10/1/20	2178300	0	12053300		10/1/20	267450	0	8156460		10/1/20	4178300	0	35998900		10/1/20	0	0	28526000			10/1/20	2178300	0	9660360
11/1/20	1178300	0	10509300		11/1/20	0	0	7218740		11/1/20	0	0	7218740			11/1/20	4178300	0	72381800			11/1/20	0	0	80628000		11/1/20	0	0	54926500		11/1/20	1178300	0	10509300		11/1/20	0	0	7790720		11/1/20	4178300	0	31454900		11/1/20	0	0	28160200			11/1/20	1178300	0	8116310
12/1/20	1.00E+06	0	8899670		12/1/20	0	0	6609150		12/1/20	0	0	6609150			12/1/20	4178300	0	67593900			12/1/20	0	0	80018400		12/1/20	0	0	54316900		12/1/20	1.00E+06	0	8899670		12/1/20	0	0	7181120		12/1/20	4178300	0	26667000		12/1/20	0	0	27550600			12/1/20	178300	0	7328410
1/1/21	0	0	8225680		1/1/21	1.00E+06	0	4935160		1/1/21	0	0	5935160			1/1/21	3178300	0	63741600			1/1/21	0	0	79344400		1/1/21	0	0	53642900		1/1/21	0	0	8225680		1/1/21	0	0	6507130		1/1/21	4259800	0	21733200		1/1/21	0	0	26876600			1/1/21	0	0	6654430
2/1/21	0	0	7798380		2/1/21	0	0	4507850		2/1/21	1.00E+06	0	4507850			2/1/21	2178300	0	61136000			2/1/21	178300	0	78738800		2/1/21	0	0	53215600		2/1/21	0	0	7798380		2/1/21	0	0	6079830		2/1/21	4178300	0	17127600		2/1/21	980078	0	25469200			2/1/21	0	0	6227120
3/1/21	0	0	7421560		3/1/21	0	0	4131040		3/1/21	0	0	4131040			3/1/21	1178300	0	59580900			3/1/21	1178300	0	77183700		3/1/21	0	0	52838800		3/1/21	0	0	7421560		3/1/21	1.00E+06	0	4703010		3/1/21	3178300	0	13572500		3/1/21	1980080	0	23112300			3/1/21	0	0	5850310
4/1/21	1.00E+06	0	6027410		4/1/21	0	0	3736890		4/1/21	0	0	3736890			4/1/21	1178300	0	58008400			4/1/21	2178300	0	74611200		4/1/21	1.00E+06	0	51444600		4/1/21	1.00E+06	0	6027410		4/1/21	0	0	4308860		4/1/21	2178300	0	1.10E+07		4/1/21	2980080	0	19738100			4/1/21	0	0	5456160
5/1/21	0	0	5567340		5/1/21	0	0	3276810		5/1/21	0	0	3276810			5/1/21	2178300	0	55370000			5/1/21	3178300	0	70972900		5/1/21	0	0	50984600		5/1/21	0	0	5567340		5/1/21	0	0	3848780		5/1/21	1178300	0	9361620		5/1/21	3980080	0	15298000			5/1/21	0	0	4996080
6/1/21	0	0	5582780		6/1/21	0	0	3292260		6/1/21	0	0	3292260			6/1/21	3178300	0	52207200			6/1/21	4178300	0	66810000		6/1/21	0	0	5.10E+07		6/1/21	0	0	5582780		6/1/21	0	0	3864230		6/1/21	178300	0	9198770		6/1/21	4313410	0	1.10E+07			6/1/21	1.00E+06	0	4011520
7/1/21	0	0	6192210		7/1/21	0	0	3901680		7/1/21	0	0	3901680			7/1/21	4178300	0	48638300			7/1/21	3178300	0	64241100		7/1/21	0	0	51609400		7/1/21	0	0	6192210		7/1/21	0	0	4473660		7/1/21	0	0	9808200		7/1/21	3313410	0	8296020			7/1/21	0	0	4620950
8/1/21	0	0	6707450		8/1/21	0	0	4416930		8/1/21	0	0	4416930			8/1/21	3178300	0	45975300			8/1/21	2178300	0	62578100		8/1/21	0	0	52124700		8/1/21	0	0	6707450		8/1/21	0	0	4988900		8/1/21	0	0	10323400		8/1/21	2313410	0	6497860			8/1/21	0	0	5136200
9/1/21	0	0	6665290		9/1/21	0	0	4374770		9/1/21	0	0	4374770			9/1/21	2275220	0	43657900			9/1/21	1178300	0	61357600		9/1/21	0	0	52082500		9/1/21	0	0	6665290		9/1/21	0	0	4946740		9/1/21	0	0	10281300		9/1/21	1313410	0	5142290			9/1/21	0	0	5094040
10/1/21	0	0	6266730		10/1/21	0	0	3976210		10/1/21	0	0	3976210			10/1/21	3275220	0	39984100			10/1/21	178300	0	60780800		10/1/21	0	0	51684000		10/1/21	0	0	6266730		10/1/21	0	0	4548180		10/1/21	0	0	9882720		10/1/21	313407	0	4430320			10/1/21	0	0	4695480
11/1/21	0	0	5700220		11/1/21	0	0	3409700		11/1/21	0	0	3409700			11/1/21	4275220	0	35142400			11/1/21	0	0	60214300		11/1/21	0	0	51117400		11/1/21	0	0	5700220		11/1/21	0	0	3981670		11/1/21	0	0	9316210		11/1/21	0	0	3863810			11/1/21	0	0	4128960
12/1/21	0	0	5095490		12/1/21	0	0	2804960		12/1/21	0	0	2804960			12/1/21	5275220	0	29262400			12/1/21	0	0	59609500		12/1/21	0	0	50512700		12/1/21	0	0	5095490		12/1/21	0	0	3376940		12/1/21	0	0	8711480		12/1/21	0	0	3259080			12/1/21	0	0	3524230
1/1/22	430175	0	4064890		1/1/22	0	0	2204540		1/1/22	0	0	2204540			1/1/22	6275220	0	22386800			1/1/22	0	0	59009100		1/1/22	0	0	49912300		1/1/22	430175	0	4064890		1/1/22	0	0	2776520		1/1/22	1.00E+06	0	7111060		1/1/22	0	0	2658660			1/1/22	0	0	2923810
2/1/22	1430170	0	2207410		2/1/22	0	0	1777240		2/1/22	0	0	1777240			2/1/22	5275220	0	16684300			2/1/22	0	0	58581800		2/1/22	0	0	49485000		2/1/22	1430170	0	2207410		2/1/22	0	0	2349210		2/1/22	0	0	6683750		2/1/22	0	0	2231360			2/1/22	0	0	2496510
3/1/22	430175	0	1377120		3/1/22	0	0	1377120		3/1/22	0	0	1377120			3/1/22	4275220	0	12008900			3/1/22	0	0	58181700		3/1/22	0	0	49084900		3/1/22	430175	0	1377120		3/1/22	0	0	1949090		3/1/22	0	0	6283630		3/1/22	0	0	1831240			3/1/22	96388	0	2.00E+06
4/1/22	0	0	1159790		4/1/22	0	0	1159800		4/1/22	0	0	1159790			4/1/22	3275220	0	8516400			4/1/22	0	0	57964400		4/1/22	0	0	48867500		4/1/22	0	0	1159790		4/1/22	0	0	1731770		4/1/22	0	0	6066310		4/1/22	0	0	1613910			4/1/22	0	0	1782680
5/1/22	0	0	1034630		5/1/22	0	0	1034630		5/1/22	0	0	1034630			5/1/22	4178300	0	4212930			5/1/22	0	0	57839200		5/1/22	0	0	48742400		5/1/22	0	0	1034630		5/1/22	0	0	1606610		5/1/22	0	0	5941150		5/1/22	0	0	1488750			5/1/22	622880	0	1034630
6/1/22	0	0	1.00E+06		6/1/22	0	0	1.00E+06		6/1/22	-5.96E-08	0	1.00E+06			6/1/22	3178300	0	1.00E+06			6/1/22	0	0	57804600		6/1/22	0	0	48707700		6/1/22	0	0	1.00E+06		6/1/22	0	0	1571970		6/1/22	0	0	5906510		6/1/22	0	0	1454120			6/1/22	0	0	1.00E+06
7/1/22	1.00E+06	0	8137180		7/1/22	1.00E+06	0	8137180		7/1/22	1.00E+06	0	8137180			7/1/22	2178300	0	6958880			7/1/22	0	0	65941700		7/1/22	0	0	56844900		7/1/22	1.00E+06	0	8137180		7/1/22	0	0	9709150		7/1/22	0	0	14043700		7/1/22	0	0	9591290			7/1/22	0	0	9137180
8/1/22	2.00E+06	0	7609910		8/1/22	2.00E+06	0	7609910		8/1/22	2.00E+06	0	7609910			8/1/22	1178300	0	7253310			8/1/22	0	0	67414500		8/1/22	0	0	58317700		8/1/22	2.00E+06	0	7609910		8/1/22	0	0	11181900		8/1/22	0	0	15516400		8/1/22	0	0	11064000			8/1/22	117960	0	10491900
9/1/22	3.00E+06	0	5117960		9/1/22	3.00E+06	0	5117960		9/1/22	3.00E+06	0	5117960			9/1/22	178300	0	7583060			9/1/22	0	0	67922500		9/1/22	0	0	58825700		9/1/22	3.00E+06	0	5117960		9/1/22	0	0	11689900		9/1/22	0	0	16024500		9/1/22	0	0	11572100			9/1/22	0	0	1.10E+07
10/1/22	2383240	0	3145150		10/1/22	2383240	0	3145150		10/1/22	2383240	0	3145150			10/1/22	0	0	7993490			10/1/22	1.00E+06	0	67333000		10/1/22	1.00E+06	0	58236100		10/1/22	2383240	0	3145150		10/1/22	0	0	12100400		10/1/22	0	0	16434900		10/1/22	0	0	11982500			10/1/22	0	0	11410400
11/1/22	1383240	0	1851150		11/1/22	1383240	0	1851150		11/1/22	1383240	0	1851150			11/1/22	0	0	8082740			11/1/22	0	0	67422200		11/1/22	0	0	58325400		11/1/22	1383240	0	1851150		11/1/22	0	0	12189600		11/1/22	0	0	16524200		11/1/22	1.00E+06	0	11071800			11/1/22	0	0	11499700
12/1/22	383242	0	1396160		12/1/22	383242	0	1396160		12/1/22	383242	0	1396160			12/1/22	0	0	8010980			12/1/22	0	0	67350400		12/1/22	0	0	58253600		12/1/22	383242	0	1396160		12/1/22	1.00E+06	0	11117900		12/1/22	0	0	16452400		12/1/22	0	0	1.10E+07			12/1/22	162772	0	11265200
1/1/23	0	0	1266360		1/1/23	0	0	1266360		1/1/23	0	0	1266360			1/1/23	1.00E+06	0	6881190			1/1/23	0	0	67220600		1/1/23	0	0	58123800		1/1/23	0	0	1266360		1/1/23	0	0	10988100		1/1/23	0	0	16322600		1/1/23	0	0	10870200			1/1/23	0	0	11135400
2/1/23	0	0	1120920		2/1/23	0	0	1120920		2/1/23	0	0	1120920			2/1/23	0	0	6735750			2/1/23	0	0	67075200		2/1/23	0	0	57978400		2/1/23	0	0	1120920		2/1/23	0	0	10842600		2/1/23	0	0	16177200		2/1/23	0	0	10724800			2/1/23	0	0	10989900
3/1/23	0	0	1131000		3/1/23	0	0	1131000		3/1/23	0	0	1131000			3/1/23	0	0	6745830			3/1/23	0	0	67085300		3/1/23	0	0	57988500		3/1/23	0	0	1131000		3/1/23	0	0	10852700		3/1/23	184936	0	16002300		3/1/23	0	0	10734800			3/1/23	0	0	1.10E+07
4/1/23	0	0	1.00E+06		4/1/23	0	0	1.00E+06		4/1/23	0	0	1.00E+06			4/1/23	0	0	6614830			4/1/23	25585.8	0	66928700		4/1/23	0	0	57857500		4/1/23	0	0	1.00E+06		4/1/23	0	0	10721700		4/1/23	1184940	0	14686400		4/1/23	0	0	10603800			4/1/23	0	0	10869000
5/1/23	404072	0	1196950		5/1/23	404072	0	1196950		5/1/23	601025	0	1.00E+06			5/1/23	0	0	7215850			5/1/23	1025590	0	66504100		5/1/23	178300	0	58280200		5/1/23	404072	0	1196950		5/1/23	0	0	11322700		5/1/23	2184940	0	13102500		5/1/23	0	0	11204900			5/1/23	0	0	11470000
6/1/23	1404070	0	1.00E+06		6/1/23	1404070	0	1.00E+06		6/1/23	1207120	0	1.00E+06			6/1/23	0	0	8422970			6/1/23	2025590	0	65685700		6/1/23	1178300	0	58309000		6/1/23	1404070	0	1.00E+06		6/1/23	947672	0	11582200		6/1/23	3184940	0	11124600		6/1/23	0	0	12412000			6/1/23	0	0	12677100
7/1/23	800037	0	1627660		7/1/23	800037	0	1627650		7/1/23	800037	0	1627650			7/1/23	0	0	9850660			7/1/23	3025590	0	64087800		7/1/23	2178300	0	57558400		7/1/23	800037	0	1627660		7/1/23	1947670	0	11062200		7/1/23	4184940	0	8367400		7/1/23	0	0	13839700			7/1/23	0	0	14104800
8/1/23	0	0	2565460		8/1/23	0	0	2565460		8/1/23	0	0	2565460			8/1/23	0	0	10788500			8/1/23	4025590	0	6.10E+07		8/1/23	3178300	0	55317900		8/1/23	0	0	2565460		8/1/23	1.00E+06	0	1.10E+07		8/1/23	3184940	0	6120270		8/1/23	0	0	14777500			8/1/23	0	0	15042600
9/1/23	0	0	3018280		9/1/23	0	0	3018280		9/1/23	0	0	3018280			9/1/23	0	0	11241300			9/1/23	5025590	0	56427200		9/1/23	4178300	0	51592400		9/1/23	0	0	3018280		9/1/23	0	0	11452800		9/1/23	2184940	0	4388160		9/1/23	0	0	15230300			9/1/23	1.00E+06	0	14495500
10/1/23	0	0	3184160		10/1/23	0	0	3184160		10/1/23	0	0	3184160			10/1/23	0	0	11407200			10/1/23	6025590	0	50567500		10/1/23	3267450	0	48490900		10/1/23	0	0	3184160		10/1/23	0	0	11618700		10/1/23	1184940	0	3369090		10/1/23	0	0	15396200			10/1/23	0	0	14661300
11/1/23	0	0	2776380		11/1/23	0	0	2776380		11/1/23	0	0	2776380			11/1/23	0	0	10999400			11/1/23	5778270	0	44381500		11/1/23	4267450	0	43815600		11/1/23	0	0	2776380		11/1/23	0	0	11210900		11/1/23	184936	0	2776380		11/1/23	0	0	14988400			11/1/23	0	0	14253600
12/1/23	0	0	2319230		12/1/23	0	0	2319230		12/1/23	0	0	2319230			12/1/23	0	0	10542200			12/1/23	4778270	0	39146100		12/1/23	5267450	0	38091000		12/1/23	0	0	2319230		12/1/23	0	0	10753800		12/1/23	0	0	2319230		12/1/23	1.00E+06	0	13531300			12/1/23	0	0	13796400
1/1/24	0	0	1902920		1/1/24	0	0	1902920		1/1/24	0	0	1902920			1/1/24	0	0	10125900			1/1/24	3778270	0	34951500		1/1/24	6267450	0	31407300		1/1/24	0	0	1902920		1/1/24	886908	0	9450550		1/1/24	0	0	1902920		1/1/24	793765	0	12321200			1/1/24	0	0	13380100
2/1/24	0	0	1581740		2/1/24	0	0	1581740		2/1/24	0	0	1581740			2/1/24	0	0	9804750			2/1/24	2778270	0	31852000		2/1/24	5267450	0	25818600		2/1/24	0	0	1581740		2/1/24	1886910	0	7242460		2/1/24	0	0	1581740		2/1/24	1.00E+06	0	1.10E+07			2/1/24	0	0	13058900
3/1/24	0	0	1303020		3/1/24	0	0	1303020		3/1/24	0	0	1303020			3/1/24	0	0	9526030			3/1/24	1778270	0	29795000		3/1/24	4267450	0	21272500		3/1/24	0	0	1303020		3/1/24	886908	0	6076840		3/1/24	0	0	1303020		3/1/24	0	0	10721300			3/1/24	0	0	12780200
4/1/24	0	0	1107400		4/1/24	0	0	1107400		4/1/24	0	0	1107400			4/1/24	0	0	9330410			4/1/24	1178300	0	28421100		4/1/24	3267450	0	17809400		4/1/24	0	0	1107400		4/1/24	1886910	0	3994310		4/1/24	0	0	1107400		4/1/24	0	0	10525700			4/1/24	0	0	12584600
5/1/24	0	0	1.00E+06		5/1/24	0	0	1.00E+06		5/1/24	0	0	1.00E+06			5/1/24	0	0	9223010			5/1/24	2178300	0	26135400		5/1/24	4178300	0	13523700		5/1/24	0	0	1.00E+06		5/1/24	2886910	0	1.00E+06		5/1/24	0	0	1.00E+06		5/1/24	0	0	10418300			5/1/24	0	0	12477200
6/1/24	724390	0	6665500		6/1/24	1.00E+06	0	6389890		6/1/24	1.00E+06	0	6389890			6/1/24	0	0	15612900			6/1/24	3178300	0	29347000		6/1/24	4805370	0	15108200		6/1/24	724390	0	6665500		6/1/24	1989090	0	5400790		6/1/24	1.00E+06	0	6389890		6/1/24	0	0	16808100			6/1/24	0	0	18867100
7/1/24	1724390	0	7372120		7/1/24	1173170	0	7647730		7/1/24	1586580	0	7234320			7/1/24	0	0	18043900			7/1/24	4178300	0	27599700		7/1/24	4178300	0	13360900		7/1/24	1724390	0	7372120		7/1/24	1.00E+06	0	6831810		7/1/24	1.00E+06	0	7820900		7/1/24	0	0	19239200			7/1/24	275058	0	21023000
8/1/24	724390	0	10815900		8/1/24	1.00E+06	0	10815900		8/1/24	586584	0	10815900			8/1/24	279235	0	21932900			8/1/24	4178300	0	27589600		8/1/24	3178300	0	14350800		8/1/24	724390	0	10815900		8/1/24	0	0	1.10E+07		8/1/24	0	0	11989100		8/1/24	518285	0	22889100			8/1/24	1275060	0	23916200
9/1/24	0	0	11912300		9/1/24	0	0	11912300		9/1/24	0	0	11912300			9/1/24	1279240	0	21750000			9/1/24	4178300	0	24507700		9/1/24	2178300	0	13268900		9/1/24	0	0	11912300		9/1/24	0	0	12096400		9/1/24	57723	0	13027800		9/1/24	1518290	0	22467200			9/1/24	2275060	0	22737500
10/1/24	0	0	13214200		10/1/24	0	0	13214200		10/1/24	0	0	13214200			10/1/24	2279240	0	20772700			10/1/24	4178300	0	21631300		10/1/24	1178300	0	13392600		10/1/24	0	0	13214200		10/1/24	184075	0	13214200		10/1/24	1057720	0	13272000		10/1/24	2518290	0	21250800			10/1/24	3275060	0	20764400
11/1/24	0	0	15043800		11/1/24	0	0	15043800		11/1/24	0	0	15043800			11/1/24	3279240	0	19323000			11/1/24	4178300	0	19282600		11/1/24	178300	0	15043800		11/1/24	0	0	15043800		11/1/24	-3.73E-09	0	15043800		11/1/24	57723	0	15043800		11/1/24	3518290	0	19562100			11/1/24	4275060	0	18318900
12/1/24	0	0	16003400		12/1/24	0	0	16003400		12/1/24	0	0	16003400			12/1/24	4279240	0	16003400			12/1/24	4238800	0	16003400		12/1/24	0	0	16003400		12/1/24	0	0	16003400		12/1/24	0	0	16003400		12/1/24	0	0	16003400		12/1/24	4518290	0	16003400			12/1/24	3275060	0	16003400
;					;					;						;						;					;					;					;					;					;						;			
																																																								
beneficio	=	45.9173			beneficio	=	45.0162			beneficio	=	34.6787				beneficio	=	56.2008				beneficio	=	56.4042			beneficio	=	53.9241			beneficio	=	25.3868			beneficio	=	25.321			beneficio	=	22.9086			beneficio	=	15.6345				beneficio	=	12.4533	
																																																								
ampl:					ampl:					ampl:						ampl:						ampl:					ampl:					ampl:					ampl:					ampl:					ampl:						a			
																																																								
																																																								
																																																								
																																																								
																																																								
																																																								
																																																								
																																																								
																																																								
DQ=20.700.000 WQ=0 WV=1 					DQ=20.700.000 WQ=0.1 WV=0.9					DQ=20.700.000 WQ=0.2 WV=0.8						DQ=20.700.000 WQ=0.3 WV=0.7					DQ=20.700.000 WQ=0.4 WV=0.6					DQ=20.700.000 WQ=0.5 WV=0.5					DQ=20.700.000 WQ=0.6 WV=0.4					DQ=20.700.000 WQ=0.7 WV=0.3					DQ=20.700.000 WQ=0.8 WV=0.2					DQ=20.700.000 WQ=0.9 WV=0.1						DQ=20.700.000 WQ=1 WV=0				
:	Q	Qe	V	:=	:	Q	Qe	V	:=	:	Q	Qe	V	:=		:	Q	Qe	V	:=	:	Q	Qe	V	:=	:	Q	Qe	V	:=	:	Q	Qe	V	:=	:	Q	Qe	V	:=	:	Q	Qe	V	:=	:	Q	Qe	V	:=		:	Q	Qe	V	:=
1/1/10	5234960	0	85204600		1/1/10	5234960	0	85204600		1/1/10	5234960	0	85204600			1/1/10	5234960	0	85204600		1/1/10	5234960	0	85204600		1/1/10	5234960	0	85204600		1/1/10	5234960	0	85204600		1/1/10	5234960	0	85204600		1/1/10	5234960	0	85204600		1/1/10	5234960	0	85204600			1/1/10	5234960	0	85204600	
2/1/10	0	0	84539300		2/1/10	6273770	0	78265500		2/1/10	0	0	84539300			2/1/10	0	0	84539300		2/1/10	20891500	0	63647800		2/1/10	0	0	84539300		2/1/10	0	0	84539300		2/1/10	0	0	84539300		2/1/10	0	0	84539300		2/1/10	0	0	84539300			2/1/10	0	0	84539300	
3/1/10	0	0	84299300		3/1/10	0	0	78025600		3/1/10	-1.49E-08	0	84299300			3/1/10	0	0	84299300		3/1/10	1203970	0	62203900		3/1/10	0	0	84299300		3/1/10	0	0	84299300		3/1/10	0	0	84299300		3/1/10	0	0	84299300		3/1/10	781312	0	83518000			3/1/10	0	0	84299300	
4/1/10	6273770	0	78010500		4/1/10	0	0	78010500		4/1/10	0	0	84284300			4/1/10	0	0	84284300		4/1/10	0	0	62188800		4/1/10	8356600	0	75927700		4/1/10	0	0	84284300		4/1/10	0	0	84284300		4/1/10	0	0	84284300		4/1/10	16713200	0	66789800			4/1/10	16273800	0	68010500	
5/1/10	0	0	8.10E+07		5/1/10	0	0	8.10E+07		5/1/10	0	0	87273800			5/1/10	20549900	0	66723900		5/1/10	4178300	0	6.10E+07		5/1/10	0	0	78917200		5/1/10	0	0	87273800		5/1/10	0	0	87273800		5/1/10	0	0	87273800		5/1/10	0	0	69779300			5/1/10	0	0	7.10E+07	
6/1/10	17933900	0	67342200		6/1/10	0	0	85276100		6/1/10	0	0	91549900			6/1/10	0	0	7.10E+07		6/1/10	0	0	65276100		6/1/10	0	0	83193300		6/1/10	0	0	91549900		6/1/10	0	0	91549900		6/1/10	0	0	91549900		6/1/10	0	0	74055400			6/1/10	17933900	0	57342200	
7/1/10	0	0	7.10E+07		7/1/10	0	0	88933900		7/1/10	0	0	95207700			7/1/10	0	0	74657800		7/1/10	0	0	68933900		7/1/10	0	0	86851100		7/1/10	0	0	95207700		7/1/10	0	0	95207700		7/1/10	0	0	95207700		7/1/10	16713200	0	6.10E+07			7/1/10	0	0	6.10E+07	
8/1/10	0	0	72936600		8/1/10	0	0	90870600		8/1/10	0	0	97144400			8/1/10	0	0	76594400		8/1/10	0	0	70870600		8/1/10	0	0	88787800		8/1/10	0	0	97144400		8/1/10	0	0	97144400		8/1/10	0	0	97144400		8/1/10	0	0	62936600			8/1/10	0	0	62936600	
9/1/10	0	0	75096200		9/1/10	0	0	93030100		9/1/10	0	0	99303900			9/1/10	0	0	78754000		9/1/10	0	0	73030100		9/1/10	0	0	90947300		9/1/10	0	0	99303900		9/1/10	0	0	99303900		9/1/10	0	0	99303900		9/1/10	0	0	65096200			9/1/10	0	0	65096200	
10/1/10	0	0	75178900		10/1/10	19876600	0	73236200		10/1/10	0	0	99386600			10/1/10	7836700	0	7.10E+07		10/1/10	0	0	73112800		10/1/10	0	0	91030000		10/1/10	0	0	99386600		10/1/10	0	0	99386600		10/1/10	0	0	99386600		10/1/10	0	0	65178900			10/1/10	0	0	65178900	
11/1/10	3338310	0	7.10E+07		11/1/10	0	0	72395600		11/1/10	0	0	98546000			11/1/10	0	0	70159400		11/1/10	0	0	72272300		11/1/10	15596900	0	74592500		11/1/10	765591	0	97780400		11/1/10	17546000	0	8.10E+07		11/1/10	0	0	98546000		11/1/10	557326	0	63781000			11/1/10	0	0	64338300	
12/1/10	7005190	0	62599200		12/1/10	0	0	7.10E+07		12/1/10	0	0	97150400			12/1/10	5392690	0	63371100		12/1/10	0	0	70876600		12/1/10	8356600	0	64840300		12/1/10	16713200	0	79671600		12/1/10	17219000	0	62385300		12/1/10	0	0	97150400		12/1/10	0	0	62385300			12/1/10	0	0	62942700	
1/1/11	0	0	61119600		1/1/11	18520400	0	5.10E+07		1/1/11	0	0	95670800			1/1/11	20891500	0	4.10E+07		1/1/11	0	0	69397000		1/1/11	8356600	0	55004100		1/1/11	0	0	78192000		1/1/11	0	0	60905700		1/1/11	0	0	95670800		1/1/11	19905700	0	4.10E+07			1/1/11	20700000	0	40763100	
2/1/11	0	0	60267900		2/1/11	0	0	50148400		2/1/11	0	0	94819100			2/1/11	191500	0	39956900		2/1/11	0	0	68545400		2/1/11	0	0	54152400		2/1/11	0	0	77340300		2/1/11	6267450	0	53786600		2/1/11	0	0	94819100		2/1/11	0	0	40148400			2/1/11	0	0	39911400	
3/1/11	20700000	0	38940600		3/1/11	0	0	49521000		3/1/11	0	0	94191800			3/1/11	0	0	39329500		3/1/11	0	0	67918000		3/1/11	0	0	53525100		3/1/11	0	0	76713000		3/1/11	0	0	53159300		3/1/11	0	0	94191800		3/1/11	0	0	39521000			3/1/11	18284100	0	2.10E+07	
4/1/11	19300000	0	19210800		4/1/11	0	0	49091200		4/1/11	0	0	93762000			4/1/11	0	0	38899700		4/1/11	0	0	67488200		4/1/11	0	0	53095300		4/1/11	0	0	76283200		4/1/11	0	0	52729500		4/1/11	0	0	93762000		4/1/11	0	0	39091200			4/1/11	0	0	20570200	
5/1/11	0	0	19343000		5/1/11	8525850	0	40697600		5/1/11	0	0	93894200			5/1/11	0	0	39031900		5/1/11	0	0	67620400		5/1/11	0	0	53227500		5/1/11	0	0	76415400		5/1/11	0	0	52861700		5/1/11	0	0	93894200		5/1/11	0	0	39223400			5/1/11	1015930	0	19686500	
6/1/11	0	0	27818200		6/1/11	0	0	49172800		6/1/11	2369430	0	1.00E+08			6/1/11	0	0	47507200		6/1/11	0	0	76095700		6/1/11	0	0	61702700		6/1/11	0	0	84890600		6/1/11	0	0	61336900		6/1/11	2369430	0	1.00E+08		6/1/11	0	0	47698700			6/1/11	0	0	28161700	
7/1/11	0	0	32399800		7/1/11	0	0	53754400		7/1/11	4581630	0	1.00E+08			7/1/11	18917000	0	33171800		7/1/11	0	0	80677300		7/1/11	0	0	66284300		7/1/11	0	0	89472300		7/1/11	6573600	0	59345000		7/1/11	12218400	0	92363200		7/1/11	16713200	0	35567100			7/1/11	0	0	32743300	
8/1/11	0	0	36101200		8/1/11	0	0	57455800		8/1/11	3701330	0	1.00E+08			8/1/11	0	0	36873100		8/1/11	0	0	84378600		8/1/11	0	0	69985700		8/1/11	0	0	93173600		8/1/11	0	0	63046300		8/1/11	0	0	96064500		8/1/11	0	0	39268400			8/1/11	0	0	36444700	
9/1/11	0	0	37461900		9/1/11	0	0	58816400		9/1/11	1360690	0	1.00E+08			9/1/11	0	0	38233800		9/1/11	0	0	85739300		9/1/11	0	0	71346400		9/1/11	8356600	0	86177700		9/1/11	0	0	64407000		9/1/11	0	0	97425200		9/1/11	0	0	40629100			9/1/11	0	0	37805400	
10/1/11	0	0	38952400		10/1/11	0	0	60307000		10/1/11	1490550	0	1.00E+08			10/1/11	0	0	39724300		10/1/11	0	0	87229900		10/1/11	6573600	0	66263300		10/1/11	0	0	87668200		10/1/11	10445800	0	55451800		10/1/11	0	0	98915800		10/1/11	1812650	0	40307000			10/1/11	0	0	39295900	
11/1/11	0	0	39645400		11/1/11	0	0	6.10E+07		11/1/11	693011	0	1.00E+08			11/1/11	0	0	40417400		11/1/11	0	0	87922900		11/1/11	8356600	0	58599700		11/1/11	14930200	0	73431000		11/1/11	0	0	56144800		11/1/11	0	0	99608800		11/1/11	0	0	4.10E+07			11/1/11	0	0	39988900	
12/1/11	0	0	39757800		12/1/11	0	0	61112400		12/1/11	112414	0	1.00E+08			12/1/11	0	0	40529800		12/1/11	1504560	0	86530700		12/1/11	16713200	0	41998900		12/1/11	16713200	0	56830300		12/1/11	16713200	0	39544000		12/1/11	0	0	99721200		12/1/11	1354580	0	39757800			12/1/11	0	0	40101300	
1/1/12	19839000	0	19619900		1/1/12	0	0	60813500		1/1/12	0	0	99701100			1/1/12	18320400	0	21910500		1/1/12	0	0	86231800		1/1/12	20700000	0	2.10E+07		1/1/12	15531300	0	4.10E+07		1/1/12	18245100	0	2.10E+07		1/1/12	0	0	99422300		1/1/12	14769200	0	24689700			1/1/12	0	0	39802400	
2/1/12	0	0	19601000		2/1/12	0	0	60794500		2/1/12	0	0	99682100			2/1/12	20891500	0	1.00E+06		2/1/12	0	0	86212800		2/1/12	0	0	20981000		2/1/12	19981000	0	2.10E+07		2/1/12	0	0	20981000		2/1/12	0	0	99403300		2/1/12	0	0	24670800			2/1/12	0	0	39783400	
3/1/12	0	0	19910300		3/1/12	0	0	61103900		3/1/12	0	0	99991400			3/1/12	309344	0	1.00E+06		3/1/12	0	0	86522200		3/1/12	0	0	21290400		3/1/12	309344	0	2.10E+07		3/1/12	0	0	21290400		3/1/12	0	0	99712600		3/1/12	0	0	24980100			3/1/12	0	0	40092800	
4/1/12	0	0	20197700		4/1/12	391219	0	6.10E+07		4/1/12	278805	0	1.00E+08			4/1/12	0	0	1287360		4/1/12	0	0	86809500		4/1/12	0	0	21577700		4/1/12	0	0	21287400		4/1/12	3006320	0	18571400		4/1/12	0	0	1.00E+08		4/1/12	0	0	25267500			4/1/12	0	0	40380100	
5/1/12	0	0	22626300		5/1/12	0	0	63428600		5/1/12	2428590	0	1.00E+08			5/1/12	0	0	3715950		5/1/12	0	0	89238100		5/1/12	0	0	24006300		5/1/12	0	0	23716000		5/1/12	0	0	2.10E+07		5/1/12	11301300	0	91127300		5/1/12	16713200	0	10982900			5/1/12	0	0	42808700	
6/1/12	0	0	25479300		6/1/12	0	0	66281600		6/1/12	8356600	0	94496400			6/1/12	0	0	6568960		6/1/12	191500	0	91899600		6/1/12	0	0	26859300		6/1/12	0	0	26569000		6/1/12	12853000	0	1.10E+07		6/1/12	0	0	93980300		6/1/12	0	0	13835900			6/1/12	0	0	45661700	
7/1/12	0	0	28345900		7/1/12	0	0	69148200		7/1/12	0	0	97363000			7/1/12	0	0	9435550		7/1/12	20891500	0	73874700		7/1/12	0	0	29725900		7/1/12	0	0	29435600		7/1/12	0	0	13866600		7/1/12	0	0	96846900		7/1/12	0	0	16702500			7/1/12	681395	0	47846900	
8/1/12	0	0	3.10E+07		8/1/12	0	0	71802300		8/1/12	17136	0	1.00E+08			8/1/12	0	0	12089700		8/1/12	4178300	0	72350600		8/1/12	0	0	32380100		8/1/12	0	0	32089700		8/1/12	0	0	16520700		8/1/12	0	0	99501100		8/1/12	8356600	0	1.10E+07			8/1/12	0	0	50501100	
9/1/12	0	0	31498900		9/1/12	1301250	0	7.10E+07		9/1/12	498930	0	1.00E+08			9/1/12	0	0	12588600		9/1/12	0	0	72849500		9/1/12	0	0	32879000		9/1/12	4178300	0	28410300		9/1/12	0	0	17019700		9/1/12	0	0	1.00E+08		9/1/12	0	0	11498900			9/1/12	0	0	5.10E+07	
10/1/12	0	0	31269200		10/1/12	0	0	70770200		10/1/12	0	0	99770200			10/1/12	0	0	12358900		10/1/12	0	0	72619700		10/1/12	0	0	32649200		10/1/12	0	0	28180600		10/1/12	0	0	16789900		10/1/12	0	0	99770200		10/1/12	0	0	11269200			10/1/12	18343000	0	32427300	
11/1/12	0	0	31312300		11/1/12	9813400	0	6.10E+07		11/1/12	8813400	0	9.10E+07			11/1/12	0	0	12402000		11/1/12	0	0	72662900		11/1/12	0	0	32692400		11/1/12	0	0	28223700		11/1/12	0	0	16833100		11/1/12	9600220	0	90213200		11/1/12	161033	0	11151300			11/1/12	0	0	32470400	
12/1/12	20161000	0	1.10E+07		12/1/12	20891500	0	39957200		12/1/12	17500000	0	73348700			12/1/12	0	0	12250700		12/1/12	0	0	72511600		12/1/12	1541090	0	3.10E+07		12/1/12	0	0	28072400		12/1/12	0	0	16681800		12/1/12	16713200	0	73348700		12/1/12	0	0	1.10E+07			12/1/12	191500	0	32127600	
1/1/13	3278990	0	7484890		1/1/13	8721080	0	3.10E+07		1/1/13	0	0	73112600			1/1/13	0	0	12014600		1/1/13	191500	0	72084000		1/1/13	0	0	30763900		1/1/13	0	0	27836300		1/1/13	14451900	0	1993780		1/1/13	0	0	73112600		1/1/13	0	0	10763900			1/1/13	20891500	0	1.10E+07	
2/1/13	0	0	7071320		2/1/13	0	0	30586400		2/1/13	0	0	72699000			2/1/13	0	0	11601000		2/1/13	20891500	0	50778900		2/1/13	0	0	30350300		2/1/13	0	0	27422700		2/1/13	0	0	1580210		2/1/13	0	0	72699000		2/1/13	0	0	10350300			2/1/13	2738770	0	7847660	
3/1/13	0	0	6733160		3/1/13	0	0	30248300		3/1/13	0	0	72360800			3/1/13	1.00E+06	0	10262900		3/1/13	191500	0	50249200		3/1/13	0	0	30012200		3/1/13	0	0	27084600		3/1/13	0	0	1242050		3/1/13	0	0	72360800		3/1/13	0	0	10012200			3/1/13	6267450	0	1242050	
4/1/13	4178300	0	2312820		4/1/13	0	0	30006200		4/1/13	0	0	72118800			4/1/13	0	0	10020800		4/1/13	0	0	50007200		4/1/13	0	0	29770100		4/1/13	0	0	26842500		4/1/13	0	0	1.00E+06		4/1/13	0	0	72118800		4/1/13	0	0	9770100			4/1/13	0	0	1.00E+06	
5/1/13	0	0	5029680		5/1/13	0	0	32723100		5/1/13	0	0	74835700			5/1/13	0	0	12737700		5/1/13	0	0	52724100		5/1/13	0	0	32487000		5/1/13	0	0	29559400		5/1/13	0	0	3716870		5/1/13	0	0	74835700		5/1/13	1486970	0	1.10E+07			5/1/13	67058	0	3649810	
6/1/13	0	0	9362400		6/1/13	0	0	37055800		6/1/13	0	0	79168400			6/1/13	0	0	17070400		6/1/13	0	0	57056800		6/1/13	0	0	36819700		6/1/13	0	0	33892100		6/1/13	0	0	8049580		6/1/13	0	0	79168400		6/1/13	13704500	0	1628200			6/1/13	0	0	7982520	
7/1/13	0	0	12379900		7/1/13	0	0	40073300		7/1/13	0	0	82185800			7/1/13	0	0	20087900		7/1/13	0	0	60074200		7/1/13	0	0	39837200		7/1/13	0	0	36909600		7/1/13	0	0	11067100		7/1/13	0	0	82185800		7/1/13	0	0	4645680			7/1/13	0	0	1.10E+07	
8/1/13	0	0	15001600		8/1/13	0	0	42695100		8/1/13	0	0	84807600			8/1/13	0	0	22709600		8/1/13	0	0	62696000		8/1/13	0	0	42458900		8/1/13	0	0	39531400		8/1/13	0	0	13688800		8/1/13	0	0	84807600		8/1/13	6267450	0	1.00E+06			8/1/13	0	0	13621800	
9/1/13	4178300	0	12912900		9/1/13	0	0	44784600		9/1/13	0	0	86897200			9/1/13	0	0	24799200		9/1/13	0	0	64785600		9/1/13	0	0	44548500		9/1/13	2486690	0	39134200		9/1/13	0	0	15778400		9/1/13	0	0	86897200		9/1/13	0	0	3089590			9/1/13	0	0	15711400	
10/1/13	0	0	13135300		10/1/13	0	0	45007000		10/1/13	0	0	87119600			10/1/13	0	0	25021600		10/1/13	0	0	65008000		10/1/13	0	0	44770900		10/1/13	8356600	0	3.10E+07		10/1/13	0	0	16000800		10/1/13	6573600	0	80546000		10/1/13	0	0	3311940			10/1/13	0	0	15933700	
11/1/13	0	0	13667700		11/1/13	451037	0	45088400		11/1/13	19300000	0	68352000			11/1/13	0	0	25554000		11/1/13	0	0	65540400		11/1/13	0	0	45303300		11/1/13	0	0	31532400		11/1/13	0	0	16533200		11/1/13	16713200	0	64365200		11/1/13	0	0	3844360			11/1/13	0	0	16466100	
12/1/13	0	0	14019400		12/1/13	0	0	45440100		12/1/13	20700000	0	48003700			12/1/13	0	0	25905700		12/1/13	18725500	0	47166600		12/1/13	1.00E+06	0	44655000		12/1/13	884100	0	3.10E+07		12/1/13	0	0	16884900		12/1/13	16713200	0	48003700		12/1/13	0	0	4196040			12/1/13	0	0	16817800	
1/1/14	0	0	14236200		1/1/14	0	0	45656900		1/1/14	0	0	48220500			1/1/14	0	0	26122500		1/1/14	0	0	47383400		1/1/14	0	0	44871800		1/1/14	216856	0	3.10E+07		1/1/14	0	0	17101700		1/1/14	0	0	48220500		1/1/14	0	0	4412900			1/1/14	0	0	17034700	
2/1/14	0	0	14375000		2/1/14	0	0	45795700		2/1/14	0	0	48359300			2/1/14	0	0	26261300		2/1/14	0	0	47522200		2/1/14	0	0	45010600		2/1/14	138743	0	3.10E+07		2/1/14	0	0	17240500		2/1/14	0	0	48359300		2/1/14	0	0	4551640			2/1/14	0	0	17173400	
3/1/14	0	0	14620500		3/1/14	0	0	46041200		3/1/14	0	0	48604800			3/1/14	20700000	0	5806800		3/1/14	0	0	47767700		3/1/14	0	0	45256100		3/1/14	245515	0	3.10E+07		3/1/14	0	0	17486000		3/1/14	0	0	48604800		3/1/14	0	0	4797150			3/1/14	0	0	17418900	
4/1/14	0	0	15719900		4/1/14	0	0	47140500		4/1/14	0	0	49704100			4/1/14	0	0	6906180		4/1/14	0	0	48867000		4/1/14	0	0	46355500		4/1/14	1099370	0	3.10E+07		4/1/14	0	0	18585400		4/1/14	0	0	49704100		4/1/14	0	0	5896520			4/1/14	0	0	18518300	
5/1/14	0	0	17852800		5/1/14	0	0	49273500		5/1/14	0	0	51837100			5/1/14	0	0	9039140		5/1/14	0	0	5.10E+07		5/1/14	0	0	48488400		5/1/14	0	0	33133000		5/1/14	0	0	20718300		5/1/14	0	0	51837100		5/1/14	0	0	8029490			5/1/14	0	0	20651300	
6/1/14	0	0	19994900		6/1/14	0	0	51415600		6/1/14	0	0	53979200			6/1/14	10181300	0	1.00E+06		6/1/14	0	0	53142100		6/1/14	0	0	50630500		6/1/14	0	0	35275100		6/1/14	0	0	22860400		6/1/14	0	0	53979200		6/1/14	0	0	10171600			6/1/14	0	0	22793400	
7/1/14	0	0	23189600		7/1/14	0	0	54610300		7/1/14	0	0	57173900			7/1/14	0	0	4194630		7/1/14	0	0	56336800		7/1/14	0	0	53825200		7/1/14	0	0	38469700		7/1/14	0	0	26055100		7/1/14	0	0	57173900		7/1/14	0	0	13366200			7/1/14	0	0	25988000	
8/1/14	4178300	0	20484100		8/1/14	0	0	56083100		8/1/14	0	0	58646700			8/1/14	0	0	5667440		8/1/14	0	0	57809600		8/1/14	0	0	55298000		8/1/14	0	0	39942500		8/1/14	0	0	27527900		8/1/14	0	0	58646700		8/1/14	0	0	14839000			8/1/14	0	0	27460800	
9/1/14	20700000	0	1042630		9/1/14	0	0	57341600		9/1/14	0	0	59905200			9/1/14	0	0	6925980		9/1/14	0	0	59068100		9/1/14	0	0	56556500		9/1/14	201058	0	4.10E+07		9/1/14	0	0	28786400		9/1/14	6573600	0	53331600		9/1/14	0	0	16097600			9/1/14	2606930	0	26112400	
10/1/14	0	0	1264980		10/1/14	0	0	57563900		10/1/14	0	0	60127600			10/1/14	0	0	7148330		10/1/14	8356600	0	50933800		10/1/14	4178300	0	52600600		10/1/14	0	0	41222400		10/1/14	1942100	0	27066700		10/1/14	0	0	53554000		10/1/14	0	0	16319900			10/1/14	0	0	26334800	
11/1/14	0	0	1322270		11/1/14	19108500	0	38512700		11/1/14	19184800	0	4.10E+07			11/1/14	0	0	7205620		11/1/14	14093100	0	36898000		11/1/14	16713200	0	35944700		11/1/14	14624000	0	26655600		11/1/14	8356600	0	18767400		11/1/14	16713200	0	36898000		11/1/14	14624000	0	1753170			11/1/14	16713200	0	9678870	
12/1/14	-2.56E-09	0	1268110		12/1/14	20891500	0	17567100		12/1/14	20815200	0	20130700			12/1/14	5883350	0	1268110		12/1/14	16713200	0	20130700		12/1/14	16713200	0	19177300		12/1/14	16466800	0	10134700		12/1/14	16713200	0	2.00E+06		12/1/14	16713200	0	20130700		12/1/14	0	0	1699020			12/1/14	8356600	0	1268110	
1/1/15	0	0	1155590		1/1/15	191500	0	17263100		1/1/15	115160	0	19903000			1/1/15	0	0	1155590		1/1/15	0	0	20018200		1/1/15	0	0	19064800		1/1/15	0	0	10022100		1/1/15	0	0	1887480		1/1/15	0	0	20018200		1/1/15	0	0	1586500			1/1/15	0	0	1155590	
2/1/15	0	0	1.00E+06		2/1/15	0	0	17107500		2/1/15	0	0	19747400			2/1/15	0	0	1.00E+06		2/1/15	0	0	19862600		2/1/15	0	0	18909200		2/1/15	0	0	9866540		2/1/15	0	0	1731890		2/1/15	0	0	19862600		2/1/15	0	0	1430900			2/1/15	0	0	1.00E+06	
3/1/15	0	0	2133460		3/1/15	17240900	0	1.00E+06		3/1/15	0	0	20880900			3/1/15	771561	0	1361900		3/1/15	0	0	20996000		3/1/15	0	0	20042600		3/1/15	0	0	1.10E+07		3/1/15	0	0	2865340		3/1/15	0	0	20996000		3/1/15	0	0	2564360			3/1/15	0	0	2133460	
4/1/15	0	0	2771560		4/1/15	0	0	1638100		4/1/15	0	0	21519000			4/1/15	0	0	2.00E+06		4/1/15	0	0	21634100		4/1/15	0	0	20680700		4/1/15	638105	0	1.10E+07		4/1/15	0	0	3503450		4/1/15	0	0	21634100		4/1/15	0	0	3202470			4/1/15	0	0	2771560	
5/1/15	4.66E-10	0	3649710		5/1/15	0	0	2516250		5/1/15	0	0	22397100			5/1/15	0	0	2878150		5/1/15	2735380	0	19776900		5/1/15	558895	0	2.10E+07		5/1/15	878148	0	1.10E+07		5/1/15	0	0	4381600		5/1/15	0	0	22512300		5/1/15	0	0	4080610			5/1/15	0	0	3649710	
6/1/15	0	0	4802960		6/1/15	0	0	3669510		6/1/15	0	0	23550400			6/1/15	0	0	4031400		6/1/15	0	0	20930200		6/1/15	0	0	22153300		6/1/15	1153260	0	1.10E+07		6/1/15	0	0	5534850		6/1/15	0	0	23665500		6/1/15	0	0	5233870			6/1/15	0	0	4802960	
7/1/15	0	0	7673850		7/1/15	0	0	6540400		7/1/15	0	0	26421300			7/1/15	0	0	6902290		7/1/15	0	0	23801000		7/1/15	0	0	25024100		7/1/15	2870890	0	1.10E+07		7/1/15	0	0	8405740		7/1/15	0	0	26536400		7/1/15	0	0	8104760			7/1/15	0	0	7673850	
8/1/15	0	0	14872800		8/1/15	0	0	13739400		8/1/15	0	0	33620200			8/1/15	0	0	14101200		8/1/15	0	0	3.10E+07		8/1/15	0	0	32223100		8/1/15	0	0	18199000		8/1/15	0	0	15604700		8/1/15	0	0	33735400		8/1/15	0	0	15303700			8/1/15	3872810	0	1.10E+07	
9/1/15	0	0	20434700		9/1/15	0	0	19301200		9/1/15	0	0	39182100			9/1/15	0	0	19663100		9/1/15	0	0	36561900		9/1/15	0	0	37785000		9/1/15	746758	0	23014100		9/1/15	0	0	21166600		9/1/15	0	0	39297300		9/1/15	0	0	20865600			9/1/15	1904400	0	14657500	
10/1/15	11742500	0	15034700		10/1/15	4178300	0	21465500		10/1/15	0	0	45524600			10/1/15	15149300	0	10856400		10/1/15	20700000	0	22204400		10/1/15	3271140	0	40856400		10/1/15	8356600	0	2.10E+07		10/1/15	15600400	0	11908700		10/1/15	6573600	0	39066200		10/1/15	16208100	0	1.10E+07			10/1/15	0	0	2.10E+07	
11/1/15	20891500	0	1.00E+06		11/1/15	16713200	0	11609100		11/1/15	19184800	0	33196600			11/1/15	16713200	0	1.00E+06		11/1/15	16564600	0	12496600		11/1/15	16713200	0	3.10E+07		11/1/15	615907	0	27240900		11/1/15	0	0	18765500		11/1/15	16713200	0	29209800		11/1/15	7078690	0	10778100			11/1/15	16856800	0	1.10E+07	
12/1/15	7213060	0	1.00E+06		12/1/15	1676070	0	17146100		12/1/15	20700000	0	19709700			12/1/15	7213060	0	1.00E+06		12/1/15	0	0	19709700		12/1/15	18983400	0	19229600		12/1/15	16713200	0	17740800		12/1/15	20700000	0	5278600		12/1/15	16713200	0	19709700		12/1/15	16713200	0	1278010			12/1/15	17213100	0	1.00E+06	
1/1/16	0	0	4766330		1/1/16	0	0	20912400		1/1/16	0	0	23476000			1/1/16	0	0	4766330		1/1/16	4178300	0	19297700		1/1/16	0	0	22996000		1/1/16	507120	0	2.10E+07		1/1/16	0	0	9044920		1/1/16	0	0	23476000		1/1/16	0	0	5044340			1/1/16	980514	0	3785810	
2/1/16	0	0	7214420		2/1/16	0	0	23360500		2/1/16	0	0	25924100			2/1/16	0	0	7214420		2/1/16	0	0	21745800		2/1/16	5716180	0	19727900		2/1/16	0	0	23448100		2/1/16	10493000	0	1.00E+06		2/1/16	0	0	25924100		2/1/16	0	0	7492430			2/1/16	0	0	6233910	
3/1/16	0	0	9453630		3/1/16	0	0	25599700		3/1/16	0	0	28163300			3/1/16	0	0	9453630		3/1/16	0	0	23985000		3/1/16	0	0	21967100		3/1/16	0	0	25687300		3/1/16	1239210	0	2.00E+06		3/1/16	0	0	28163300		3/1/16	2480770	0	7250870			3/1/16	0	0	8473120	
4/1/16	0	0	13202800		4/1/16	0	0	29348800		4/1/16	0	0	31912400			4/1/16	0	0	13202800		4/1/16	0	0	27734100		4/1/16	0	0	25716200		4/1/16	0	0	29436400		4/1/16	0	0	5749130		4/1/16	0	0	31912400		4/1/16	0	0	1.10E+07			4/1/16	0	0	12222200	
5/1/16	0	0	18486600		5/1/16	0	0	34632600		5/1/16	0	0	37196200			5/1/16	0	0	18486600		5/1/16	0	0	33017900		5/1/16	0	0	3.10E+07		5/1/16	0	0	34720200		5/1/16	0	0	11032900		5/1/16	0	0	37196200		5/1/16	0	0	16283800			5/1/16	0	0	17506000	
6/1/16	20700000	0	4983800		6/1/16	0	0	41829900		6/1/16	0	0	44393500			6/1/16	0	0	25683800		6/1/16	0	0	40215200		6/1/16	0	0	38197200		6/1/16	917467	0	4.10E+07		6/1/16	0	0	18230200		6/1/16	0	0	44393500		6/1/16	0	0	23481000			6/1/16	0	0	24703300	
7/1/16	0	0	11280500		7/1/16	19300000	0	28826600		7/1/16	0	0	50690200			7/1/16	0	0	31980500		7/1/16	0	0	46511900		7/1/16	0	0	44494000		7/1/16	6267450	0	41029300		7/1/16	0	0	24526900		7/1/16	0	0	50690200		7/1/16	9585270	0	20192500			7/1/16	0	0	3.10E+07	
8/1/16	0	0	16924200		8/1/16	0	0	34470300		8/1/16	0	0	56333900			8/1/16	0	0	37624200		8/1/16	0	0	52155600		8/1/16	0	0	50137700		8/1/16	16713200	0	29959800		8/1/16	0	0	30170600		8/1/16	0	0	56333900		8/1/16	0	0	25836200			8/1/16	0	0	36643700	
9/1/16	0	0	22088000		9/1/16	20700000	0	18934100		9/1/16	0	0	61497700			9/1/16	191500	0	42596500		9/1/16	14738700	0	42580700		9/1/16	10702900	0	44598600		9/1/16	0	0	35123600		9/1/16	14624000	0	20710300		9/1/16	6573600	0	54924100		9/1/16	0	0	3.10E+07			9/1/16	191500	0	41616000	
10/1/16	19300000	0	9635160		10/1/16	0	0	25781200		10/1/16	0	0	68344800			10/1/16	20891500	0	28552200		10/1/16	20891500	0	28536300		10/1/16	10445800	0	4.10E+07		10/1/16	970713	0	4.10E+07		10/1/16	0	0	27557500		10/1/16	0	0	61771200		10/1/16	14742400	0	23104700			10/1/16	20891500	0	27571600	
11/1/16	0	0	19224200		11/1/16	0	0	35370300		11/1/16	19300000	0	58633900			11/1/16	191500	0	37949700		11/1/16	191500	0	37933900		11/1/16	0	0	50589100		11/1/16	0	0	50589100		11/1/16	0	0	37146500		11/1/16	16713200	0	54647100		11/1/16	12534900	0	20158900			11/1/16	16713200	0	20447500	
12/1/16	0	0	29234100		12/1/16	0	0	45380200		12/1/16	20700000	0	47943800			12/1/16	8356600	0	39603000		12/1/16	0	0	47943800		12/1/16	13135200	0	47463700		12/1/16	14624000	0	45974900		12/1/16	13643700	0	33512700		12/1/16	16713200	0	47943800		12/1/16	0	0	30168700			12/1/16	1223290	0	29234100	
1/1/17	0	0	36237600		1/1/17	0	0	52383700		1/1/17	0	0	54947300			1/1/17	0	0	46606500		1/1/17	13947300	0	4.10E+07		1/1/17	3467250	0	5.10E+07		1/1/17	8356600	0	44621800		1/1/17	0	0	40516200		1/1/17	0	0	54947300		1/1/17	10445800	0	26726500			1/1/17	0	0	36237600	
2/1/17	20700000	0	19583500		2/1/17	1659240	0	54770300		2/1/17	0	0	58993100			2/1/17	4178300	0	46474100		2/1/17	0	0	45045800		2/1/17	0	0	55045800		2/1/17	0	0	48667700		2/1/17	6267450	0	38294600		2/1/17	0	0	58993100		2/1/17	0	0	30772400			2/1/17	0	0	40283500	
3/1/17	19300000	0	3372110		3/1/17	10445800	0	47413200		3/1/17	0	0	62081800			3/1/17	0	0	49562700		3/1/17	0	0	48134500		3/1/17	0	0	58134500		3/1/17	0	0	51756300		3/1/17	0	0	41383300		3/1/17	0	0	62081800		3/1/17	0	0	33861000			3/1/17	0	0	43372100	
4/1/17	0	0	6958910		4/1/17	0	0	5.10E+07		4/1/17	0	0	65668600			4/1/17	0	0	53149500		4/1/17	0	0	51721300		4/1/17	721279	0	6.10E+07		4/1/17	0	0	55343100		4/1/17	0	0	44970100		4/1/17	0	0	65668600		4/1/17	0	0	37447800			4/1/17	0	0	46958900	
5/1/17	0	0	30511100		5/1/17	0	0	74552200		5/1/17	0	0	89220800			5/1/17	0	0	76701700		5/1/17	0	0	75273500		5/1/17	0	0	84552200		5/1/17	0	0	78895300		5/1/17	0	0	68522200		5/1/17	0	0	89220800		5/1/17	0	0	6.10E+07			5/1/17	2616770	0	67894300	
6/1/17	0	0	43780100		6/1/17	0	0	87821200		6/1/17	2489770	0	1.00E+08			6/1/17	0	0	89970700		6/1/17	14624000	0	73918400		6/1/17	0	0	97821200		6/1/17	0	0	92164300		6/1/17	0	0	81791200		6/1/17	6573600	0	95916200		6/1/17	0	0	74269000			6/1/17	0	0	81163300	
7/1/17	0	0	53616800		7/1/17	0	0	97657900		7/1/17	9836680	0	1.00E+08			7/1/17	0	0	99807400		7/1/17	0	0	83755100		7/1/17	10445800	0	97212100		7/1/17	10445800	0	91555200		7/1/17	0	0	91627900		7/1/17	16713200	0	89039700		7/1/17	3105690	0	8.10E+07			7/1/17	0	0	9.10E+07	
8/1/17	0	0	61635000		8/1/17	7873920	0	97802100		8/1/17	8018180	0	1.00E+08			8/1/17	16713200	0	91112400		8/1/17	0	0	91773300		8/1/17	16713200	0	88517100		8/1/17	0	0	99573400		8/1/17	0	0	99646100		8/1/17	0	0	97057800		8/1/17	0	0	89018200			8/1/17	1216050	0	97802100	
9/1/17	0	0	68011100		9/1/17	4178300	0	1.00E+08		9/1/17	6376170	0	1.00E+08			9/1/17	3360940	0	94127600		9/1/17	0	0	98149400		9/1/17	0	0	94893300		9/1/17	7899600	0	98050000		9/1/17	7716390	0	98305900		9/1/17	16713200	0	86720800		9/1/17	4178300	0	91216100			9/1/17	4178300	0	1.00E+08	
10/1/17	0	0	73496100		10/1/17	7486200	0	97998700		10/1/17	5484930	0	1.00E+08			10/1/17	0	0	99612500		10/1/17	4178300	0	99456100		10/1/17	378199	0	1.00E+08		10/1/17	12534900	0	9.10E+07		10/1/17	8356600	0	95434200		10/1/17	0	0	92205700		10/1/17	16713200	0	79987800			10/1/17	16713200	0	88771700	
11/1/17	0	0	78061800		11/1/17	8356600	0	94207900		11/1/17	4565780	0	1.00E+08			11/1/17	4178300	0	1.00E+08		11/1/17	7058840	0	96963000		11/1/17	8274320	0	96291500		11/1/17	0	0	95565800		11/1/17	0	0	1.00E+08		11/1/17	0	0	96771500		11/1/17	2248900	0	82304700			11/1/17	15275700	0	78061800	
12/1/17	0	0	81290300		12/1/17	0	0	97436400		12/1/17	3228480	0	1.00E+08			12/1/17	11569300	0	91659200		12/1/17	191500	0	1.00E+08		12/1/17	0	0	99519900		12/1/17	0	0	98794300		12/1/17	17659600	0	85568900		12/1/17	0	0	1.00E+08		12/1/17	0	0	85533100			12/1/17	0	0	81290300	
1/1/18	20700000	0	62770400		1/1/18	2776680	0	96839800		1/1/18	2180060	0	1.00E+08			1/1/18	2775900	0	91063400		1/1/18	20891500	0	81288600		1/1/18	20700000	0	8.10E+07		1/1/18	974319	0	1.00E+08		1/1/18	6267450	0	81481500		1/1/18	7495490	0	94684600		1/1/18	16713200	0	7.10E+07			1/1/18	2470380	0	8.10E+07	
2/1/18	0	0	63820000		2/1/18	20700000	0	77189400		2/1/18	1049660	0	1.00E+08			2/1/18	0	0	92113000		2/1/18	8869230	0	73469000		2/1/18	0	0	82049700		2/1/18	1049660	0	1.00E+08		2/1/18	12956900	0	69574300		2/1/18	0	0	95734200		2/1/18	1049660	0	7.10E+07			2/1/18	1049660	0	8.10E+07	
3/1/18	0	0	65245800		3/1/18	0	0	78615200		3/1/18	1425740	0	1.00E+08			3/1/18	0	0	93538800		3/1/18	0	0	74894700		3/1/18	0	0	83475400		3/1/18	1425740	0	1.00E+08		3/1/18	0	0	7.10E+07		3/1/18	0	0	97160000		3/1/18	0	0	72425700			3/1/18	0	0	82425700	
4/1/18	0	0	67630600		4/1/18	0	0	8.10E+07		4/1/18	2384820	0	1.00E+08			4/1/18	0	0	95923600		4/1/18	0	0	77279600		4/1/18	0	0	85860200		4/1/18	8356600	0	94028200		4/1/18	0	0	73384800		4/1/18	16713200	0	82831600		4/1/18	0	0	74810600			4/1/18	0	0	84810600	
5/1/18	0	0	71351000		5/1/18	0	0	84720400		5/1/18	3720440	0	1.00E+08			5/1/18	0	0	99644100		5/1/18	0	0	8.10E+07		5/1/18	0	0	89580700		5/1/18	0	0	97748700		5/1/18	0	0	77105300		5/1/18	0	0	86552000		5/1/18	0	0	78531000			5/1/18	857478	0	87673500	
6/1/18	0	0	76560100		6/1/18	0	0	89929500		6/1/18	5209030	0	1.00E+08			6/1/18	8356600	0	96496500		6/1/18	0	0	86209000		6/1/18	0	0	94789700		6/1/18	8356600	0	94601100		6/1/18	0	0	82314300		6/1/18	0	0	91761100		6/1/18	0	0	83740000			6/1/18	0	0	92882600	
7/1/18	0	0	80063600		7/1/18	0	0	93433000		7/1/18	3503520	0	1.00E+08			7/1/18	0	0	1.00E+08		7/1/18	0	0	89712500		7/1/18	0	0	98293200		7/1/18	0	0	98104600		7/1/18	0	0	85817800		7/1/18	0	0	95264600		7/1/18	0	0	87243600			7/1/18	0	0	96386100	
8/1/18	16713200	0	65670500		8/1/18	0	0	95753100		8/1/18	2320130	0	1.00E+08			8/1/18	2320130	0	1.00E+08		8/1/18	0	0	92032700		8/1/18	613343	0	1.00E+08		8/1/18	424740	0	1.00E+08		8/1/18	0	0	88137900		8/1/18	0	0	97584700		8/1/18	0	0	89563700			8/1/18	0	0	98706200	
9/1/18	0	0	66964300		9/1/18	0	0	97046900		9/1/18	1293800	0	1.00E+08			9/1/18	2189310	0	99104500		9/1/18	0	0	93326500		9/1/18	1293800	0	1.00E+08		9/1/18	1293800	0	1.00E+08		9/1/18	0	0	89431700		9/1/18	0	0	98878500		9/1/18	4039790	0	86817700			9/1/18	0	0	1.00E+08	
10/1/18	0	0	67652700		10/1/18	0	0	97735300		10/1/18	688379	0	1.00E+08			10/1/18	0	0	99792900		10/1/18	0	0	94014900		10/1/18	688379	0	1.00E+08		10/1/18	688379	0	1.00E+08		10/1/18	0	0	90120100		10/1/18	0	0	99566900		10/1/18	16713200	0	70792900			10/1/18	19688400	0	8.10E+07	
11/1/18	0	0	67859800		11/1/18	0	0	97942400		11/1/18	207132	0	1.00E+08			11/1/18	0	0	1.00E+08		11/1/18	0	0	94222000		11/1/18	207132	0	1.00E+08		11/1/18	207132	0	1.00E+08		11/1/18	37811.5	0	90289400		11/1/18	0	0	99774000		11/1/18	0	0	7.10E+07			11/1/18	15934100	0	65273000	
12/1/18	2586800	0	65280400		12/1/18	16523300	0	81426500		12/1/18	7419	0	1.00E+08			12/1/18	6491340	0	93516100		12/1/18	191500	0	94037900		12/1/18	7419	0	1.00E+08		12/1/18	7419	0	1.00E+08		12/1/18	20737800	0	69559000		12/1/18	0	0	99781400		12/1/18	1338750	0	69668700			12/1/18	0	0	65280400	
1/1/19	0	0	65078000		1/1/19	19300000	0	61924100		1/1/19	0	0	99797600			1/1/19	0	0	93313600		1/1/19	20891500	0	72944000		1/1/19	1860270	0	97937300		1/1/19	0	0	99797600		1/1/19	8356600	0	6.10E+07		1/1/19	0	0	99579000		1/1/19	16713200	0	52753000			1/1/19	16713200	0	48364800	
2/1/19	0	0	64853900		2/1/19	20700000	0	4.10E+07		2/1/19	0	0	99573500			2/1/19	0	0	93089600		2/1/19	191500	0	72528400		2/1/19	16713200	0	8.10E+07		2/1/19	0	0	99573500		2/1/19	0	0	60775900		2/1/19	0	0	99354900		2/1/19	1704870	0	50824100			2/1/19	0	0	48140700	
3/1/19	0	0	65029800		3/1/19	0	0	41175900		3/1/19	0	0	99749400			3/1/19	0	0	93265500		3/1/19	0	0	72704300		3/1/19	0	0	81175900		3/1/19	0	0	99749400		3/1/19	0	0	60951800		3/1/19	1.28E-05	0	99530800		3/1/19	0	0	5.10E+07			3/1/19	17316600	0	3.10E+07	
4/1/19	20700000	0	44799000		4/1/19	0	0	41645100		4/1/19	218565	0	1.00E+08			4/1/19	20700000	0	73034600		4/1/19	2173470	0	7.10E+07		4/1/19	0	0	81645100		4/1/19	218565	0	1.00E+08		4/1/19	0	0	61421000		4/1/19	1.04E-07	0	1.00E+08		4/1/19	0	0	51469200			4/1/19	3852240	0	27616900	
5/1/19	0	0	47623200		5/1/19	0	0	44469300		5/1/19	2824220	0	1.00E+08			5/1/19	0	0	75858900		5/1/19	0	0	73824200		5/1/19	0	0	84469300		5/1/19	2824220	0	1.00E+08		5/1/19	0	0	64245200		5/1/19	11112800	0	91711400		5/1/19	0	0	54293400			5/1/19	0	0	30441100	
6/1/19	0	0	50732900		6/1/19	0	0	47579000		6/1/19	3109640	0	1.00E+08			6/1/19	0	0	78968500		6/1/19	6267450	0	70666400		6/1/19	0	0	87579000		6/1/19	3109640	0	1.00E+08		6/1/19	532439	0	66822400		6/1/19	0	0	94821100		6/1/19	16713200	0	40689800			6/1/19	0	0	33550800	
7/1/19	14911800	0	38376200		7/1/19	0	0	50134000		7/1/19	2555080	0	1.00E+08			7/1/19	0	0	81523600		7/1/19	0	0	73221500		7/1/19	0	0	90134000		7/1/19	2555080	0	1.00E+08		7/1/19	0	0	69377500		7/1/19	0	0	97376200		7/1/19	2244900	0	4.10E+07			7/1/19	0	0	36105900	
8/1/19	0	0	39998700		8/1/19	0	0	51756500		8/1/19	1622490	0	1.00E+08			8/1/19	0	0	83146100		8/1/19	0	0	74844000		8/1/19	0	0	91756500		8/1/19	1622490	0	1.00E+08		8/1/19	0	0	7.10E+07		8/1/19	0	0	98998700		8/1/19	1622490	0	4.10E+07			8/1/19	0	0	37728400	
9/1/19	0	0	40895600		9/1/19	0	0	52653500		9/1/19	896947	0	1.00E+08			9/1/19	0	0	84043000		9/1/19	0	0	75740900		9/1/19	0	0	92653500		9/1/19	896947	0	1.00E+08		9/1/19	0	0	71896900		9/1/19	0	0	99895600		9/1/19	896947	0	4.10E+07			9/1/19	0	0	38625300	
10/1/19	0	0	4.10E+07		10/1/19	0	0	52757900		10/1/19	104392	0	1.00E+08			10/1/19	0	0	84147400		10/1/19	0	0	75845300		10/1/19	0	0	92757900		10/1/19	104392	0	1.00E+08		10/1/19	0	0	72001300		10/1/19	0	0	1.00E+08		10/1/19	104392	0	4.10E+07			10/1/19	0	0	38729700	
11/1/19	0	0	40646300		11/1/19	0	0	52404100		11/1/19	0	0	99646300			11/1/19	0	0	83793700		11/1/19	2682290	0	72809300		11/1/19	0	0	92404100		11/1/19	0	0	99646300		11/1/19	7449950	0	64197700		11/1/19	-9.31E-08	0	99646300		11/1/19	0	0	40646300			11/1/19	0	0	38376000	
12/1/19	0	0	40102500		12/1/19	0	0	51860400		12/1/19	0	0	99102500			12/1/19	0	0	83249900		12/1/19	0	0	72265500		12/1/19	0	0	91860400		12/1/19	0	0	99102500		12/1/19	0	0	63653900		12/1/19	0	0	99102500		12/1/19	0	0	40102500			12/1/19	0	0	37832200	
1/1/20	4178300	0	35253300		1/1/20	19497400	0	31692100		1/1/20	0	0	98431600			1/1/20	0	0	82579000		1/1/20	0	0	71594600		1/1/20	0	0	91189500		1/1/20	0	0	98431600		1/1/20	0	0	62983000		1/1/20	0	0	98431600		1/1/20	0	0	39431600			1/1/20	0	0	37161300	
2/1/20	0	0	34561200		2/1/20	0	0	3.10E+07		2/1/20	0	0	97739500			2/1/20	0	0	81886900		2/1/20	0	0	70902500		2/1/20	0	0	90497400		2/1/20	0	0	97739500		2/1/20	0	0	62290900		2/1/20	0	0	97739500		2/1/20	0	0	38739500			2/1/20	0	0	36469200	
3/1/20	0	0	33984300		3/1/20	0	0	30423100		3/1/20	0	0	97162600			3/1/20	0	0	81310000		3/1/20	0	0	70325600		3/1/20	0	0	89920500		3/1/20	0	0	97162600		3/1/20	0	0	61714000		3/1/20	0	0	97162600		3/1/20	0	0	38162600			3/1/20	4178300	0	31714000	
4/1/20	0	0	33674300		4/1/20	0	0	30113100		4/1/20	0	0	96852600			4/1/20	0	0	8.10E+07		4/1/20	0	0	70015600		4/1/20	8356600	0	81253800		4/1/20	0	0	96852600		4/1/20	0	0	61404000		4/1/20	0	0	96852600		4/1/20	0	0	37852600			4/1/20	0	0	31404000	
5/1/20	0	0	33270300		5/1/20	0	0	29709100		5/1/20	0	0	96448600			5/1/20	0	0	80596000		5/1/20	0	0	69611600		5/1/20	0	0	80849900		5/1/20	0	0	96448600		5/1/20	0	0	6.10E+07		5/1/20	0	0	96448600		5/1/20	0	0	37448600			5/1/20	0	0	3.10E+07	
6/1/20	0	0	34850200		6/1/20	0	0	31289000		6/1/20	0	0	98028500			6/1/20	1175890	0	8.10E+07		6/1/20	191500	0	7.10E+07		6/1/20	0	0	82429700		6/1/20	0	0	98028500		6/1/20	3341710	0	59238200		6/1/20	0	0	98028500		6/1/20	0	0	39028500			6/1/20	0	0	32579900	
7/1/20	20700000	0	15912000		7/1/20	0	0	33050800		7/1/20	-1.49E-07	0	99790300			7/1/20	0	0	82761800		7/1/20	20891500	0	51870300		7/1/20	0	0	84191600		7/1/20	0	0	99790300		7/1/20	0	0	6.10E+07		7/1/20	0	0	99790300		7/1/20	0	0	40790300			7/1/20	0	0	34341700	
8/1/20	0	0	16506500		8/1/20	0	0	33645300		8/1/20	384785	0	1.00E+08			8/1/20	0	0	83356300		8/1/20	695769	0	51769000		8/1/20	0	0	84786000		8/1/20	384785	0	1.00E+08		8/1/20	0	0	61594500		8/1/20	384785	0	1.00E+08		8/1/20	384785	0	4.10E+07			8/1/20	0	0	34936200	
9/1/20	0	0	16649700		9/1/20	0	0	33788500		9/1/20	143223	0	1.00E+08			9/1/20	0	0	83499500		9/1/20	4178300	0	47734000		9/1/20	0	0	84929300		9/1/20	143223	0	1.00E+08		9/1/20	10737700	0	5.10E+07		9/1/20	143223	0	1.00E+08		9/1/20	0	0	41143200			9/1/20	0	0	35079400	
10/1/20	0	0	16500200		10/1/20	0	0	33639000		10/1/20	1.49E-08	0	99850500			10/1/20	0	0	83350100		10/1/20	0	0	47584500		10/1/20	3779800	0	8.10E+07		10/1/20	0	0	99850500		10/1/20	0	0	50850500		10/1/20	0	0	99850500		10/1/20	0	0	40993800			10/1/20	0	0	34929900	
11/1/20	0	0	16134500		11/1/20	0	0	33273300		11/1/20	0	0	99484800			11/1/20	19896600	0	63087700		11/1/20	0	0	47218700		11/1/20	0	0	80634300		11/1/20	0	0	99484800		11/1/20	7773890	0	42710900		11/1/20	0	0	99484800		11/1/20	0	0	40628000			11/1/20	0	0	34564200	
12/1/20	0	0	15524900		12/1/20	1663680	0	3.10E+07		12/1/20	471992	0	98403200			12/1/20	0	0	62478100		12/1/20	0	0	46609100		12/1/20	8356600	0	71668100		12/1/20	471992	0	98403200		12/1/20	0	0	42101300		12/1/20	471992	0	98403200		12/1/20	615215	0	39403200			12/1/20	0	0	33954600	
1/1/21	2192560	0	12658300		1/1/21	1.00E+06	0	29326000		1/1/21	0	0	97729200			1/1/21	0	0	61804100		1/1/21	3616350	0	42318800		1/1/21	0	0	70994100		1/1/21	0	0	97729200		1/1/21	0	0	41427300		1/1/21	0	0	97729200		1/1/21	0	0	38729200			1/1/21	0	0	33280600	
2/1/21	0	0	12231000		2/1/21	0	0	28898700		2/1/21	0	0	97301900			2/1/21	0	0	61376800		2/1/21	20891500	0	2.10E+07		2/1/21	0	0	70566800		2/1/21	0	0	97301900		2/1/21	0	0	4.10E+07		2/1/21	0	0	97301900		2/1/21	0	0	38301900			2/1/21	0	0	32853300	
3/1/21	0	0	11854200		3/1/21	0	0	28521900		3/1/21	0	0	96925100			3/1/21	0	0	6.10E+07		3/1/21	191500	0	20431700		3/1/21	0	0	70189900		3/1/21	0	0	96925100		3/1/21	10445800	0	30177400		3/1/21	0	0	96925100		3/1/21	0	0	37925100			3/1/21	0	0	32476500	
4/1/21	0	0	11460100		4/1/21	0	0	28127700		4/1/21	0	0	96530900			4/1/21	331045	0	60274800		4/1/21	0	0	20037500		4/1/21	0	0	69795800		4/1/21	0	0	96530900		4/1/21	0	0	29783300		4/1/21	0	0	96530900		4/1/21	0	0	37530900			4/1/21	622247	0	31460100	
5/1/21	0	0	1.10E+07		5/1/21	0	0	27667700		5/1/21	0	0	96070900			5/1/21	8356600	0	51458100		5/1/21	0	0	19577500		5/1/21	0	0	69335700		5/1/21	10445800	0	85625100		5/1/21	8356600	0	20966600		5/1/21	0	0	96070900		5/1/21	0	0	37070900			5/1/21	0	0	3.10E+07	
6/1/21	0	0	11015400		6/1/21	0	0	27683100		6/1/21	0	0	96086300			6/1/21	191500	0	51282100		6/1/21	0	0	19592900		6/1/21	603993	0	68747200		6/1/21	0	0	85640600		6/1/21	0	0	20982100		6/1/21	0	0	96086300		6/1/21	0	0	37086300			6/1/21	0	0	31015400	
7/1/21	0	0	11624900		7/1/21	0	0	28292500		7/1/21	0	0	96695700			7/1/21	20891500	0	3.10E+07		7/1/21	0	0	20202300		7/1/21	8356600	0	6.10E+07		7/1/21	0	0	86250000		7/1/21	0	0	21591500		7/1/21	0	0	96695700		7/1/21	0	0	37695700			7/1/21	624873	0	3.10E+07	
8/1/21	0	0	12140100		8/1/21	0	0	28807800		8/1/21	0	0	97211000			8/1/21	191500	0	31323700		8/1/21	0	0	20717600		8/1/21	0	0	61515200		8/1/21	0	0	86765200		8/1/21	10594200	0	11512500		8/1/21	0	0	97211000		8/1/21	0	0	38211000			8/1/21	4178300	0	27336900	
9/1/21	0	0	12098000		9/1/21	0	0	28765600		9/1/21	0	0	97168800			9/1/21	0	0	31281600		9/1/21	0	0	20675400		9/1/21	14624000	0	46849000		9/1/21	0	0	86723100		9/1/21	0	0	11470300		9/1/21	0	0	97168800		9/1/21	0	0	38168800			9/1/21	4178300	0	23116500	
10/1/21	0	0	11699400		10/1/21	0	0	28367100		10/1/21	0	0	96770300			10/1/21	9883020	0	2.10E+07		10/1/21	15300600	0	4976210		10/1/21	15450500	0	3.10E+07		10/1/21	0	0	86324500		10/1/21	0	0	11071800		10/1/21	0	0	96770300		10/1/21	0	0	37770300			10/1/21	1717920	0	2.10E+07	
11/1/21	0	0	11132900		11/1/21	0	0	27800600		11/1/21	0	0	96203700			11/1/21	0	0	20433500		11/1/21	0	0	4409700		11/1/21	0	0	30433500		11/1/21	0	0	85758000		11/1/21	0	0	10505300		11/1/21	0	0	96203700		11/1/21	1.00E+06	0	36203700			11/1/21	0	0	20433500	
12/1/21	1.86E-09	0	10528200		12/1/21	0	0	27195800		12/1/21	1.00E+06	0	94599000			12/1/21	0	0	19828800		12/1/21	0	0	3804960		12/1/21	0	0	29828800		12/1/21	0	0	85153300		12/1/21	0	0	9900520		12/1/21	1.00E+06	0	94599000		12/1/21	0	0	35599000			12/1/21	0	0	19828800	
1/1/22	0	0	9927730		1/1/22	0	0	26595400		1/1/22	0	0	93998600			1/1/22	17023800	0	2204540		1/1/22	1.00E+06	0	2204540		1/1/22	0	0	29228300		1/1/22	0	0	84552800		1/1/22	0	0	9300110		1/1/22	0	0	93998600		1/1/22	0	0	34998600			1/1/22	0	0	19228300	
2/1/22	1.00E+06	0	8500430		2/1/22	0	0	26168100		2/1/22	0	0	93571300			2/1/22	0	0	1777240		2/1/22	0	0	1777240		2/1/22	0	0	28801000		2/1/22	0	0	84125500		2/1/22	0	0	8872800		2/1/22	0	0	93571300		2/1/22	0	0	34571300			2/1/22	0	0	18801000	
3/1/22	0	0	8100310		3/1/22	0	0	25768000		3/1/22	0	0	93171200			3/1/22	0	0	1377120		3/1/22	0	0	1377120		3/1/22	0	0	28400900		3/1/22	0	0	83725400		3/1/22	0	0	8472680		3/1/22	0	0	93171200		3/1/22	0	0	34171200			3/1/22	0	0	18400900	
4/1/22	0	0	7882980		4/1/22	0	0	25550600		4/1/22	0	0	92953800			4/1/22	0	0	1159790		4/1/22	0	0	1159790		4/1/22	0	0	28183600		4/1/22	0	0	83508100		4/1/22	0	0	8255360		4/1/22	0	0	92953800		4/1/22	0	0	33953800			4/1/22	0	0	18183600	
5/1/22	0	0	7757820		5/1/22	0	0	25425500		5/1/22	0	0	92828700			5/1/22	0	0	1034630		5/1/22	0	0	1034630		5/1/22	0	0	28058400		5/1/22	0	0	83382900		5/1/22	0	0	8130200		5/1/22	0	0	92828700		5/1/22	0	0	33828700			5/1/22	0	0	18058400	
6/1/22	0	0	7723190		6/1/22	0	0	25390900		6/1/22	0	0	92794000			6/1/22	0	0	1.00E+06		6/1/22	0	0	1.00E+06		6/1/22	0	0	28023800		6/1/22	0	0	83348300		6/1/22	0	0	8095560		6/1/22	1794040	0	9.10E+07		6/1/22	0	0	33794000			6/1/22	0	0	18023800	
7/1/22	0	0	15860400		7/1/22	0	0	33528000		7/1/22	931222	0	1.00E+08			7/1/22	0	0	9137180		7/1/22	0	0	9137180		7/1/22	0	0	36161000		7/1/22	0	0	91485500		7/1/22	0	0	16232700		7/1/22	0	0	99137200		7/1/22	0	0	41931200			7/1/22	0	0	26161000	
8/1/22	0	0	17333100		8/1/22	0	0	35000800		8/1/22	1472730	0	1.00E+08			8/1/22	0	0	10609900		8/1/22	0	0	10609900		8/1/22	0	0	37633700		8/1/22	0	0	92958200		8/1/22	0	0	17705500		8/1/22	609908	0	1.00E+08		8/1/22	0	0	43404000			8/1/22	0	0	27633700	
9/1/22	0	0	17841100		9/1/22	6267450	0	29241400		9/1/22	508052	0	1.00E+08			9/1/22	0	0	11118000		9/1/22	0	0	11118000		9/1/22	0	0	38141800		9/1/22	0	0	93466300		9/1/22	0	0	18213500		9/1/22	508052	0	1.00E+08		9/1/22	0	0	43912000			9/1/22	0	0	28141800	
10/1/22	0	0	18251600		10/1/22	0	0	29651800		10/1/22	410431	0	1.00E+08			10/1/22	0	0	11528400		10/1/22	0	0	11528400		10/1/22	0	0	38552200		10/1/22	0	0	93876700		10/1/22	16713200	0	1910750		10/1/22	410431	0	1.00E+08		10/1/22	0	0	44322400			10/1/22	1.00E+06	0	27552200	
11/1/22	0	0	18340800		11/1/22	0	0	29741000		11/1/22	7689490	0	92399800			11/1/22	0	0	11617600		11/1/22	0	0	11617600		11/1/22	1.00E+06	0	37641400		11/1/22	16181000	0	77785000		11/1/22	0	0	2.00E+06		11/1/22	7995640	0	92093600		11/1/22	0	0	44411700			11/1/22	0	0	27641400	
12/1/22	0	0	18269100		12/1/22	0	0	29669300		12/1/22	16713200	0	75614800			12/1/22	0	0	11545900		12/1/22	0	0	11545900		12/1/22	0	0	37569700		12/1/22	16713200	0	6.10E+07		12/1/22	0	0	1928250		12/1/22	16713200	0	75308700		12/1/22	1.00E+06	0	43339900			12/1/22	0	0	27569700	
1/1/23	0	0	18139300		1/1/23	2199600	0	27339900		1/1/23	0	0	75485000			1/1/23	0	0	11416100		1/1/23	0	0	11416100		1/1/23	6294440	0	31145400		1/1/23	0	0	60870200		1/1/23	0	0	1798450		1/1/23	0	0	75178900		1/1/23	0	0	43210100			1/1/23	0	0	27439900	
2/1/23	16872900	0	1120920		2/1/23	20700000	0	6494460		2/1/23	0	0	75339600			2/1/23	0	0	11270600		2/1/23	0	0	11270600		2/1/23	0	0	3.10E+07		2/1/23	0	0	60724800		2/1/23	532088	0	1120920		2/1/23	0	0	75033400		2/1/23	0	0	43064700			2/1/23	0	0	27294400	
3/1/23	0	0	1131000		3/1/23	0	0	6504540		3/1/23	0	0	75349700			3/1/23	10149700	0	1131000		3/1/23	10149700	0	1131000		3/1/23	0	0	31010100		3/1/23	0	0	60734800		3/1/23	0	0	1131000		3/1/23	0	0	75043500		3/1/23	16713200	0	26361600			3/1/23	16713200	0	10591300	
4/1/23	0	0	1.00E+06		4/1/23	0	0	6373540		4/1/23	0	0	75218600			4/1/23	0	0	1.00E+06		4/1/23	0	0	1.00E+06		4/1/23	0	0	30879100		4/1/23	0	0	60603800		4/1/23	0	0	1.00E+06		4/1/23	0	0	74912500		4/1/23	16713200	0	9517370			4/1/23	0	0	10460300	
5/1/23	0	0	1601020		5/1/23	0	0	6974560		5/1/23	0	0	75819700			5/1/23	0	0	1601020		5/1/23	0	0	1601020		5/1/23	0	0	31480100		5/1/23	0	0	61204900		5/1/23	601025	0	1.00E+06		5/1/23	0	0	75513500		5/1/23	0	0	10118400			5/1/23	0	0	11061300	
6/1/23	0	0	2808140		6/1/23	0	0	8181680		6/1/23	0	0	77026800			6/1/23	0	0	2808140		6/1/23	0	0	2808140		6/1/23	0	0	32687200		6/1/23	0	0	62412000		6/1/23	1207120	0	1.00E+06		6/1/23	0	0	76720600		6/1/23	1753210	0	9572310			6/1/23	0	0	12268500	
7/1/23	2608180	0	1627650		7/1/23	0	0	9609370		7/1/23	0	0	78454500			7/1/23	0	0	4235840		7/1/23	0	0	4235840		7/1/23	0	0	34114900		7/1/23	0	0	63839700		7/1/23	0	0	2427690		7/1/23	0	0	78148300		7/1/23	0	0	1.10E+07			7/1/23	0	0	13696200	
8/1/23	0	0	2565460		8/1/23	0	0	10547200		8/1/23	0	0	79392300			8/1/23	0	0	5173640		8/1/23	0	0	5173640		8/1/23	0	0	35052700		8/1/23	0	0	64777500		8/1/23	0	0	3365500		8/1/23	0	0	79086100		8/1/23	-1.86E-09	0	11937800			8/1/23	0	0	14634000	
9/1/23	0	0	3018280		9/1/23	0	0	1.10E+07		9/1/23	0	0	79845100			9/1/23	0	0	5626460		9/1/23	0	0	5626460		9/1/23	0	0	35505500		9/1/23	15053100	0	50177200		9/1/23	0	0	3818320		9/1/23	0	0	79539000		9/1/23	-7.45E-09	0	12390600			9/1/23	0	0	15086800	
10/1/23	0	0	3184160		10/1/23	165873	0	1.10E+07		10/1/23	0	0	80011000			10/1/23	0	0	5792340		10/1/23	0	0	5792340		10/1/23	0	0	35671400		10/1/23	0	0	50343100		10/1/23	0	0	3984190		10/1/23	6267450	0	73437400		10/1/23	0	0	12556500			10/1/23	0	0	15252700	
11/1/23	0	0	2776380		11/1/23	0	0	10592200		11/1/23	20700000	0	58903200			11/1/23	2608180	0	2776380		11/1/23	2608180	0	2776380		11/1/23	0	0	35263600		11/1/23	10445800	0	39489600		11/1/23	0	0	3576410		11/1/23	16713200	0	56316400		11/1/23	1148720	0	1.10E+07			11/1/23	0	0	14844900	
12/1/23	0	0	2319230		12/1/23	0	0	10135100		12/1/23	19300000	0	39146100			12/1/23	0	0	2319230		12/1/23	0	0	2319230		12/1/23	3806490	0	3.10E+07		12/1/23	0	0	39032400		12/1/23	702956	0	2416310		12/1/23	16713200	0	39146100		12/1/23	0	0	10542900			12/1/23	0	0	14387700	
1/1/24	0	0	1902920		1/1/24	0	0	9718760		1/1/24	0	0	38729800			1/1/24	0	0	1902920		1/1/24	0	0	1902920		1/1/24	0	0	30583700		1/1/24	0	0	38616100		1/1/24	0	0	2.00E+06		1/1/24	0	0	38729800		1/1/24	0	0	10126500			1/1/24	0	0	13971400	
2/1/24	0	0	1581740		2/1/24	0	0	9397580		2/1/24	0	0	38408600			2/1/24	0	0	1581740		2/1/24	0	0	1581740		2/1/24	8788170	0	21474300		2/1/24	8356600	0	29938300		2/1/24	97081	0	1581740		2/1/24	0	0	38408600		2/1/24	8223620	0	1581740			2/1/24	0	0	13650200	
3/1/24	0	0	1303020		3/1/24	0	0	9118860		3/1/24	0	0	38129900			3/1/24	0	0	1303020		3/1/24	0	0	1303020		3/1/24	0	0	21195600		3/1/24	0	0	29659600		3/1/24	0	0	1303020		3/1/24	0	0	38129900		3/1/24	0	0	1303020			3/1/24	0	0	13371500	
4/1/24	0	0	1107400		4/1/24	0	0	8923250		4/1/24	0	0	37934200			4/1/24	0	0	1107400		4/1/24	0	0	1107400		4/1/24	0	0	2.10E+07		4/1/24	0	0	29464000		4/1/24	0	0	1107400		4/1/24	0	0	37934200		4/1/24	0	0	1107400			4/1/24	0	0	13175900	
5/1/24	0	0	1.00E+06		5/1/24	0	0	8815840		5/1/24	0	0	37826800			5/1/24	0	0	1.00E+06		5/1/24	0	0	1.00E+06		5/1/24	0	0	20892600		5/1/24	8356600	0	2.10E+07		5/1/24	0	0	1.00E+06		5/1/24	0	0	37826800		5/1/24	0	0	1.00E+06			5/1/24	0	0	13068500	
6/1/24	0	0	7389890		6/1/24	4205730	0	1.10E+07		6/1/24	0	0	44216700			6/1/24	0	0	7389890		6/1/24	0	0	7389890		6/1/24	0	0	27282500		6/1/24	0	0	27389900		6/1/24	0	0	7389890		6/1/24	0	0	44216700		6/1/24	0	0	7389890			6/1/24	0	0	19458400	
7/1/24	0	0	9820900		7/1/24	2431020	0	1.10E+07		7/1/24	0	0	46647700			7/1/24	0	0	9820900		7/1/24	0	0	9820900		7/1/24	0	0	29713500		7/1/24	0	0	29820900		7/1/24	0	0	9820900		7/1/24	0	0	46647700		7/1/24	0	0	9820900			7/1/24	0	0	21889400	
8/1/24	3173170	0	10815900		8/1/24	0	0	15168200		8/1/24	0	0	50815900			8/1/24	0	0	13989100		8/1/24	0	0	13989100		8/1/24	0	0	33881700		8/1/24	0	0	33989100		8/1/24	0	0	13989100		8/1/24	0	0	50815900		8/1/24	0	0	13989100			8/1/24	0	0	26057600	
9/1/24	0	0	11912300		9/1/24	0	0	16264600		9/1/24	0	0	51912300			9/1/24	0	0	15085500		9/1/24	0	0	15085500		9/1/24	0	0	34978100		9/1/24	0	0	35085500		9/1/24	0	0	15085500		9/1/24	0	0	51912300		9/1/24	0	0	15085500			9/1/24	0	0	27154000	
10/1/24	0	0	13214200		10/1/24	0	0	17566500		10/1/24	191500	0	53022800			10/1/24	0	0	16387400		10/1/24	0	0	16387400		10/1/24	0	0	36280000		10/1/24	0	0	36387400		10/1/24	0	0	16387400		10/1/24	6573600	0	46640600		10/1/24	0	0	16387400			10/1/24	0	0	28455900	
11/1/24	0	0	15043800		11/1/24	4352270	0	15043800		11/1/24	20891500	0	33960800			11/1/24	3173170	0	15043800		11/1/24	3173170	0	15043800		11/1/24	14709200	0	23400400		11/1/24	8356600	0	29860400		11/1/24	3173170	0	15043800		11/1/24	16713200	0	31757000		11/1/24	0	0	18217000			11/1/24	15241700	0	15043800	
12/1/24	0	0	16003400		12/1/24	0	0	16003400		12/1/24	18917000	0	16003400			12/1/24	0	0	16003400		12/1/24	0	0	16003400		12/1/24	8356600	0	16003400		12/1/24	14816600	0	16003400		12/1/24	0	0	16003400		12/1/24	16713200	0	16003400		12/1/24	3173170	0	16003400			12/1/24	0	0	16003400	
;					;											;					;					;					;					;					;					;						;				
																																																								
beneficio	=	44.9816			beneficio	=	69.3153			beneficio	=	113.176				beneficio	=	52.2278			beneficio	=	57.6377			beneficio	=	57.1322			beneficio	=	56.563			beneficio	=	32.8361			beneficio	=	44.7831			beneficio	=	25.0015				beneficio	=	20.6831		
